"path","name","fileId","mimeType","shareUrl"
"Resource Center/Management/Compensation","CareSource Assignment of Commissions.pdf","1vLc0Vvou6ozPUb9plT2bgihVMTWvkyl6","application/pdf","https://drive.google.com/file/d/1vLc0Vvou6ozPUb9plT2bgihVMTWvkyl6/view?usp=drivesdk"
"Resource Center/CRM","PH CRM Setup Guide.pdf","1lhts4GiMVZue-geCnUBNwAMxzlRYo0-7","application/pdf","https://drive.google.com/file/d/1lhts4GiMVZue-geCnUBNwAMxzlRYo0-7/view?usp=drivesdk"
"Resource Center/CRM","CRM - How to Set Up Calendars.mp4","1W81R93lq7iiKdWJlTorS43-MWqWZ7EdL","video/mp4","https://drive.google.com/file/d/1W81R93lq7iiKdWJlTorS43-MWqWZ7EdL/view?usp=drivesdk"
"Resource Center/CRM","CRM - How to add Clients.mp4","1qjlScbaa2eT7nJ7WzmbnAyxOQZ0jaSAh","video/mp4","https://drive.google.com/file/d/1qjlScbaa2eT7nJ7WzmbnAyxOQZ0jaSAh/view?usp=drivesdk"
"Resource Center/CRM","CRM - How to Get Started.mp4","18aaqqyNofoMlXwpx3PWdHk46gIWbhCKr","video/mp4","https://drive.google.com/file/d/18aaqqyNofoMlXwpx3PWdHk46gIWbhCKr/view?usp=drivesdk"
"Resource Center/CRM","07_30_2025 - CRM Training_.mp4","19J40fgSQHh8EmvwN6PRFOwyMt0uAgABX","video/mp4","https://drive.google.com/file/d/19J40fgSQHh8EmvwN6PRFOwyMt0uAgABX/view?usp=drivesdk"
"Resource Center/CRM","07_09_2025 - CRM Training.mp4","1WX3oBPQOvMaqJ_6WyFYCWewHNKvqhMpe","video/mp4","https://drive.google.com/file/d/1WX3oBPQOvMaqJ_6WyFYCWewHNKvqhMpe/view?usp=drivesdk"
"Resource Center/CRM","04_29_2025 - CRM Launch.mp4","1FioN8xC6k1MVm_HKe3Ek46i_qqmzFiZ4","video/mp4","https://drive.google.com/file/d/1FioN8xC6k1MVm_HKe3Ek46i_qqmzFiZ4/view?usp=drivesdk"
"Resource Center/CRM","CRM Setup - 2025_06_11 12_51 PDT - Recording.mp4","1ko7gAC2QxFmRJn0dsJ_vwZz11JaeSemv","video/mp4","https://drive.google.com/file/d/1ko7gAC2QxFmRJn0dsJ_vwZz11JaeSemv/view?usp=drivesdk"
"Resource Center/CRM","CRM Setup - 2025_06_04 12_52 PDT - Recording.mp4","1zVJhW1kF4wMd-FAebWU7xjnFJs-FZ1_d","video/mp4","https://drive.google.com/file/d/1zVJhW1kF4wMd-FAebWU7xjnFJs-FZ1_d/view?usp=drivesdk"
"Resource Center/ARCHIVES/PY 2025","Broker Referral Program Flyer.pdf","145W9jJd2jp32JiuG1CEVDBzG-BCT7T1Y","application/pdf","https://drive.google.com/file/d/145W9jJd2jp32JiuG1CEVDBzG-BCT7T1Y/view?usp=drivesdk"
"Resource Center/ARCHIVES/PY 2025","Silver Peak LifeX Study Guide.docx","1rkaZU90q2FqbyKi0TqLbJe5YUaUzF1cu","application/vnd.openxmlformats-officedocument.wordprocessingml.document","https://docs.google.com/document/d/1rkaZU90q2FqbyKi0TqLbJe5YUaUzF1cu/edit?usp=drivesdk&ouid=101956724998028410123&rtpof=true&sd=true"
"Resource Center/ARCHIVES/PY 2025","_TRAINING_ ACA _ Under-65 - 2025_06_03 10_09 PDT - Notes by Gemini.docx","1una1vu1MTniAPT4UsaMxtVXVQC41sW1I","application/vnd.openxmlformats-officedocument.wordprocessingml.document","https://docs.google.com/document/d/1una1vu1MTniAPT4UsaMxtVXVQC41sW1I/edit?usp=drivesdk&ouid=101956724998028410123&rtpof=true&sd=true"
"Resource Center/ARCHIVES/PY 2025","Meeting started 2025_05_22 10_06 PDT - Notes by Gemini.docx","1flFkjPZYGyTA9M14B2JGReI6llCbK3hZ","application/vnd.openxmlformats-officedocument.wordprocessingml.document","https://docs.google.com/document/d/1flFkjPZYGyTA9M14B2JGReI6llCbK3hZ/edit?usp=drivesdk&ouid=101956724998028410123&rtpof=true&sd=true"
"Resource Center/ARCHIVES/PY 2025","_TRAINING_ ACA _ Under-65 - 2025_05_06 09_49 PDT - Notes by Gemini.docx","1WMT7RwmUcWsFOXqeaxPIgUgdTM7G1m2_","application/vnd.openxmlformats-officedocument.wordprocessingml.document","https://docs.google.com/document/d/1WMT7RwmUcWsFOXqeaxPIgUgdTM7G1m2_/edit?usp=drivesdk&ouid=101956724998028410123&rtpof=true&sd=true"
"Resource Center/ARCHIVES/PY 2025","TRAINING SESSION-SilverPeak by PH (Clearwater) - 2025_03_14 11_42 PDT - Notes by Gemini.docx","1c_eTAszetjrXhNTb-_Kr_ncGUti0ie5x","application/vnd.openxmlformats-officedocument.wordprocessingml.document","https://docs.google.com/document/d/1c_eTAszetjrXhNTb-_Kr_ncGUti0ie5x/edit?usp=drivesdk&ouid=101956724998028410123&rtpof=true&sd=true"
"Resource Center/ARCHIVES/PY 2025","TRAINING SESSION-SilverPeak by PH (Clearwater) - 2025_03_13 11_53 PDT - Notes by Gemini.docx","1gu63oY4wNM2-fpIo9FsUDu_Yuw5hPqPO","application/vnd.openxmlformats-officedocument.wordprocessingml.document","https://docs.google.com/document/d/1gu63oY4wNM2-fpIo9FsUDu_Yuw5hPqPO/edit?usp=drivesdk&ouid=101956724998028410123&rtpof=true&sd=true"
"Resource Center/ARCHIVES/PY 2025","TRAINING SESSION-SilverPeak by PH (Clearwater) - 2025_03_12 11_55 PDT - Notes by Gemini.docx","1bLXa3dVdhOLhY8c7LBXXjQhq5zXJUeJe","application/vnd.openxmlformats-officedocument.wordprocessingml.document","https://docs.google.com/document/d/1bLXa3dVdhOLhY8c7LBXXjQhq5zXJUeJe/edit?usp=drivesdk&ouid=101956724998028410123&rtpof=true&sd=true"
"Resource Center/ARCHIVES/PY 2025","GigCare Exam Answers Key.pdf","1SFdAyNVcsa9AWxUmKbWBtlza8irA32BS","application/pdf","https://drive.google.com/file/d/1SFdAyNVcsa9AWxUmKbWBtlza8irA32BS/view?usp=drivesdk"
"Resource Center/ARCHIVES/PY 2025","GigCare-Summary-Of-Benefits-5-Plans-Chart.pdf","1ACujKfEPa-h4b9RS0J7vGnFJWeG1SoQj","application/pdf","https://drive.google.com/file/d/1ACujKfEPa-h4b9RS0J7vGnFJWeG1SoQj/view?usp=drivesdk"
"Resource Center/ARCHIVES/PY 2025","GigCare-Summary-Of-Benefits-5-Plans-Chart.docx","1-yqSbA_NY5MmQwC-cGkeo-cebrhnz8x6","application/vnd.openxmlformats-officedocument.wordprocessingml.document","https://docs.google.com/document/d/1-yqSbA_NY5MmQwC-cGkeo-cebrhnz8x6/edit?usp=drivesdk&ouid=101956724998028410123&rtpof=true&sd=true"
"Resource Center/ARCHIVES/PY 2025","$7350 Copay SBC for 2025.pdf","1eQu6QUjPL4CREi8tPTsgivy-kCuqBBPE","application/pdf","https://drive.google.com/file/d/1eQu6QUjPL4CREi8tPTsgivy-kCuqBBPE/view?usp=drivesdk"
"Resource Center/ARCHIVES/PY 2025","$5000 HSA SBC for 2025.pdf","10Z1wVNlzNafJaI4GoRVXzHuHenPBAR8O","application/pdf","https://drive.google.com/file/d/10Z1wVNlzNafJaI4GoRVXzHuHenPBAR8O/view?usp=drivesdk"
"Resource Center/ARCHIVES/PY 2025","$5000 Copay SBC for 2025.pdf","16et9GDwbncyQWcFS5WeeQSdbzpFaYdoX","application/pdf","https://drive.google.com/file/d/16et9GDwbncyQWcFS5WeeQSdbzpFaYdoX/view?usp=drivesdk"
"Resource Center/ARCHIVES/PY 2025","$2500 Copay SBC for 2025.pdf","1AOn8UJeaULUwjUFSWS70AMBb-xZlc4AF","application/pdf","https://drive.google.com/file/d/1AOn8UJeaULUwjUFSWS70AMBb-xZlc4AF/view?usp=drivesdk"
"Resource Center/ARCHIVES/PY 2025","$1500 Copay SBC for 2025.pdf","1DY5NV2IHqG1XhIJBPWJbNbSjoujcx5pm","application/pdf","https://drive.google.com/file/d/1DY5NV2IHqG1XhIJBPWJbNbSjoujcx5pm/view?usp=drivesdk"
"Resource Center/ARCHIVES/PY 2025","CHC New Agent Licensing Paperwork.pdf","12-HQyDSZAdmcwoqYaEqYlkLttQce9Gug","application/pdf","https://drive.google.com/file/d/12-HQyDSZAdmcwoqYaEqYlkLttQce9Gug/view?usp=drivesdk"
"Resource Center/ARCHIVES/PY 2025","AC-11-Health-Disclosure-Questions.pdf","1JplqrEvWwP469ZmQtNAyM-YoagXTDucG","application/pdf","https://drive.google.com/file/d/1JplqrEvWwP469ZmQtNAyM-YoagXTDucG/view?usp=drivesdk"
"Resource Center/ARCHIVES/PY 2025","2025 GigCare Rates.pdf","1KiTljPYdlzpllBcEiqUjnCvbjZqZhuKY","application/pdf","https://drive.google.com/file/d/1KiTljPYdlzpllBcEiqUjnCvbjZqZhuKY/view?usp=drivesdk"
"Resource Center/ARCHIVES/PY 2025","2025 Provider and Formulary QuickLink.pdf","1K_ob0r8rvORWtxTKxh9JUc39ObwzIQ44","application/pdf","https://drive.google.com/file/d/1K_ob0r8rvORWtxTKxh9JUc39ObwzIQ44/view?usp=drivesdk"
"Resource Center/ARCHIVES/PY 2025","2025 Application Entry and Lead Form Final.pdf","1hIwmJ53WdUVkbjLrz3NXOYH_seS3Yk6-","application/pdf","https://drive.google.com/file/d/1hIwmJ53WdUVkbjLrz3NXOYH_seS3Yk6-/view?usp=drivesdk"
"Resource Center/ARCHIVES/PY 2025/Aetna","2025 Provider and Formulary QuickLink.pdf","1kRlFYg6OvdpKOKlRa1G-9qss1mL8NCZE","application/pdf","https://drive.google.com/file/d/1kRlFYg6OvdpKOKlRa1G-9qss1mL8NCZE/view?usp=drivesdk"
"Resource Center/ARCHIVES/PY 2025/Aetna/PY Materials","RX FILL INFO.pdf","1b5kubpbC8dV4TG-peLsSVl_FGmx1WHzR","application/pdf","https://drive.google.com/file/d/1b5kubpbC8dV4TG-peLsSVl_FGmx1WHzR/view?usp=drivesdk"
"Resource Center/ARCHIVES/PY 2025/Aetna/PY Materials","PRODUCER WORLD BROKER MATERIAL + MARKETING MATERIAL INFO.pdf","11sDj8LFcP3nPfHXqZBiX_TwN7IlnbQIQ","application/pdf","https://drive.google.com/file/d/11sDj8LFcP3nPfHXqZBiX_TwN7IlnbQIQ/view?usp=drivesdk"
"Resource Center/ARCHIVES/PY 2025/Aetna/PY Materials","2024 TO 2025 RATE INCREASES & MISC INFO.pdf","1V02G9us7e0bIrJkruVYLhYKyE1Q3hTle","application/pdf","https://drive.google.com/file/d/1V02G9us7e0bIrJkruVYLhYKyE1Q3hTle/view?usp=drivesdk"
"Resource Center/ARCHIVES/PY 2025/Aetna/PY Materials","Aetna 2025 Plan Review and Carrier Meeting.mp4","1_-XlI1n4PQDBgHxlUCLqsgZS-NundBN0","video/mp4","https://drive.google.com/file/d/1_-XlI1n4PQDBgHxlUCLqsgZS-NundBN0/view?usp=drivesdk"
"Resource Center/ARCHIVES/PY 2025/Aetna/PY Materials","2024_OTCHS_Catalog_English_IFP_Banner_FINAL_REMEDIATED.pdf","16hPUaYVTtOKtulbMRw6KTqAYzo_2rNL7","application/pdf","https://drive.google.com/file/d/16hPUaYVTtOKtulbMRw6KTqAYzo_2rNL7/view?usp=drivesdk"
"Resource Center/ARCHIVES/PY 2025/Aetna/PY Materials","Aetna 2025 Plan Review and Carrier Meeting(1).mp4","1V0vZqqZhwMJk41bPoGj-lDPWZZ_bU2_7","video/mp4","https://drive.google.com/file/d/1V0vZqqZhwMJk41bPoGj-lDPWZZ_bU2_7/view?usp=drivesdk"
"Resource Center/ARCHIVES/PY 2025/Aetna/PY Materials","Explore 2025 Aetna_s Plans_ Upcoming Training Event – 2024_10_16 10_19 PDT – Chat.txt","1-PpCnS5wfFvFNWkSk3iZHqf2j_totpwW","text/plain","https://drive.google.com/file/d/1-PpCnS5wfFvFNWkSk3iZHqf2j_totpwW/view?usp=drivesdk"
"Resource Center/ARCHIVES/PY 2025/Aetna/PY Materials","Explore 2025 Aetna_s Plans_ Upcoming Training Event – 2024_10_16 10_19 PDT – Recording.mp4","1kI02bGYmcGAwmMH96B-WHVTxbyNpSiq1","video/mp4","https://drive.google.com/file/d/1kI02bGYmcGAwmMH96B-WHVTxbyNpSiq1/view?usp=drivesdk"
"Resource Center/ARCHIVES/PY 2025/Aetna/Commission","2025 ACA Commissions - Individual and Group.pdf","1zpKbZzOcP0rE2hDQrFTNZgtk7PqIrlK9","application/pdf","https://drive.google.com/file/d/1zpKbZzOcP0rE2hDQrFTNZgtk7PqIrlK9/view?usp=drivesdk"
"Resource Center/ARCHIVES/PY 2025/WIP_FACTFINDER","Protect_Life_Fact_Finder.xlsx","1kYRUc2EJxGb0nTWyjJxkviR86CGJXvcA","application/vnd.openxmlformats-officedocument.spreadsheetml.sheet","https://docs.google.com/spreadsheets/d/1kYRUc2EJxGb0nTWyjJxkviR86CGJXvcA/edit?usp=drivesdk&ouid=101956724998028410123&rtpof=true&sd=true"
"Resource Center/ARCHIVES/PY 2025/WIP_FACTFINDER","Protect_Life_Fact_Finder_Cleaned.pdf","1v-naTUR7rfECiUNa4HR8OE33XqcI4wVd","application/pdf","https://drive.google.com/file/d/1v-naTUR7rfECiUNa4HR8OE33XqcI4wVd/view?usp=drivesdk"
"Resource Center/ARCHIVES/PY 2025/(5) MAY 2025/05 12 2025","PH_Factfinder_Trainer_Guide.pdf","1rJp9iOQwbbVre4wZeUW8MieV7sAhfEIK","application/pdf","https://drive.google.com/file/d/1rJp9iOQwbbVre4wZeUW8MieV7sAhfEIK/view?usp=drivesdk"
"Resource Center/ARCHIVES/PY 2025/(5) MAY 2025/05 12 2025","PH_Factfinder_BrokerAgent_Workbook.pdf","1MdWxixpx2KFQ-9KtG7eOlIQTMtTsT62_","application/pdf","https://drive.google.com/file/d/1MdWxixpx2KFQ-9KtG7eOlIQTMtTsT62_/view?usp=drivesdk"
"Resource Center/ARCHIVES/PY 2025/(5) MAY 2025/05 19 2025","LifeInsTypes+Riders_1.docx","1RBgHSWKG7sSQOKtPOAbL30B0KMSQWLR-","application/vnd.openxmlformats-officedocument.wordprocessingml.document","https://docs.google.com/document/d/1RBgHSWKG7sSQOKtPOAbL30B0KMSQWLR-/edit?usp=drivesdk&ouid=101956724998028410123&rtpof=true&sd=true"
"Resource Center/ARCHIVES/PY 2025/(5) MAY 2025/05 19 2025","LifeInsTypes+Riders_1.pdf","1CnLsB5ekKVvA7F4yCzPnbbcE6rO2p8eF","application/pdf","https://drive.google.com/file/d/1CnLsB5ekKVvA7F4yCzPnbbcE6rO2p8eF/view?usp=drivesdk"
"Resource Center/ARCHIVES/PY 2025/(5) MAY 2025/05 05 2025","PH_Life Ins Intro_BrokerAgent_Prsntn.pdf","123xMQXfB-ayTuLicBwD17AILdbl1ADdZ","application/pdf","https://drive.google.com/file/d/123xMQXfB-ayTuLicBwD17AILdbl1ADdZ/view?usp=drivesdk"
"Resource Center/ARCHIVES/PY 2025/(5) MAY 2025/05 05 2025","PH_Factfinder_Trainer_Guide.pdf","15-F8UOOqKaP3ub-Wh1HviH5Kl5pnNkxJ","application/pdf","https://drive.google.com/file/d/15-F8UOOqKaP3ub-Wh1HviH5Kl5pnNkxJ/view?usp=drivesdk"
"Resource Center/ARCHIVES/PY 2025/(5) MAY 2025/05 05 2025","PH_Factfinder_Cleaned.pdf","1vlntiR-wwUiGVHVz2vEsm0jKePx7kKDf","application/pdf","https://drive.google.com/file/d/1vlntiR-wwUiGVHVz2vEsm0jKePx7kKDf/view?usp=drivesdk"
"Resource Center/ARCHIVES/PY 2025/(5) MAY 2025/05 05 2025","PH_Factfinder_BrokerAgent_Workbook.pdf","1Shj88po6AbzHmLyFwzrbEQkt8mD592jW","application/pdf","https://drive.google.com/file/d/1Shj88po6AbzHmLyFwzrbEQkt8mD592jW/view?usp=drivesdk"
"Resource Center/ARCHIVES/PY 2025/(6) JUNE 2025/06 23 2025","DARK BY REQUEST.pdf","1JB4zP78pXdQOmiIYSQLtYfGi-zIdlbt5","application/pdf","https://drive.google.com/file/d/1JB4zP78pXdQOmiIYSQLtYfGi-zIdlbt5/view?usp=drivesdk"
"Resource Center/ARCHIVES/PY 2025/(6) JUNE 2025/06 23 2025","DARK BY REQUEST.docx","1VJlXp4z5cVWLOew1H0w8ZoV1sFC0Y4cJ","application/vnd.openxmlformats-officedocument.wordprocessingml.document","https://docs.google.com/document/d/1VJlXp4z5cVWLOew1H0w8ZoV1sFC0Y4cJ/edit?usp=drivesdk&ouid=101956724998028410123&rtpof=true&sd=true"
"Resource Center/ARCHIVES/PY 2025/(6) JUNE 2025/06 09 2025","LifeInsTypes+Riders_3.docx","1QeCPEIbV7uU44SU3KOWAEDYc4_YebajX","application/vnd.openxmlformats-officedocument.wordprocessingml.document","https://docs.google.com/document/d/1QeCPEIbV7uU44SU3KOWAEDYc4_YebajX/edit?usp=drivesdk&ouid=101956724998028410123&rtpof=true&sd=true"
"Resource Center/ARCHIVES/PY 2025/(6) JUNE 2025/06 09 2025","LifeInsTypes+Riders_3.pdf","1t3W5tfunqHyzQcxTkzHoKdvs9bRsK8fa","application/pdf","https://drive.google.com/file/d/1t3W5tfunqHyzQcxTkzHoKdvs9bRsK8fa/view?usp=drivesdk"
"Resource Center/ARCHIVES/PY 2025/(6) JUNE 2025/06 30 2025","Objection Handling Training.pdf","1xQl4W8Wr6arrVl7Lyu25pHezI6It-BBA","application/pdf","https://drive.google.com/file/d/1xQl4W8Wr6arrVl7Lyu25pHezI6It-BBA/view?usp=drivesdk"
"Resource Center/ARCHIVES/PY 2025/(6) JUNE 2025/06 30 2025","Objection Handling Training.docx","12BzAtQENAZv2ngGzFLQub1BQxLce-FxW","application/vnd.openxmlformats-officedocument.wordprocessingml.document","https://docs.google.com/document/d/12BzAtQENAZv2ngGzFLQub1BQxLce-FxW/edit?usp=drivesdk&ouid=101956724998028410123&rtpof=true&sd=true"
"Resource Center/ARCHIVES/PY 2025/(6) JUNE 2025/06 02 2025","LifeInsTypes+Riders_2.docx","1cAzZTgQbVHbVk-QXtDcOZI8mLG_TJl5w","application/vnd.openxmlformats-officedocument.wordprocessingml.document","https://docs.google.com/document/d/1cAzZTgQbVHbVk-QXtDcOZI8mLG_TJl5w/edit?usp=drivesdk&ouid=101956724998028410123&rtpof=true&sd=true"
"Resource Center/ARCHIVES/PY 2025/(6) JUNE 2025/06 02 2025","LifeInsTypes+Riders_2.pdf","1js1nJjZAK_SkUXVgag3xzQPP47DH2ote","application/pdf","https://drive.google.com/file/d/1js1nJjZAK_SkUXVgag3xzQPP47DH2ote/view?usp=drivesdk"
"Resource Center/ARCHIVES/PY 2025/(6) JUNE 2025/06 16 2025","Prospecting_Advisor_Strategy.pdf","1sAgPZ8Ri8r7jGO3nAdbxqyU5mD__0Yds","application/pdf","https://drive.google.com/file/d/1sAgPZ8Ri8r7jGO3nAdbxqyU5mD__0Yds/view?usp=drivesdk"
"Resource Center/ARCHIVES/PY 2025/(6) JUNE 2025/06 16 2025","Prospecting_Advisor_Strategy.docx","1C05Zc65Ceq4BynYO3MXCEhq2lk4-hovx","application/vnd.openxmlformats-officedocument.wordprocessingml.document","https://docs.google.com/document/d/1C05Zc65Ceq4BynYO3MXCEhq2lk4-hovx/edit?usp=drivesdk&ouid=101956724998028410123&rtpof=true&sd=true"
"Resource Center/ARCHIVES/PY 2025/(7) JULY 2025/07 21 2025","Life Insurance Market Training.docx","1F4xy7XONRExOzp1xbvpdH2l6puX9KN8z","application/vnd.openxmlformats-officedocument.wordprocessingml.document","https://docs.google.com/document/d/1F4xy7XONRExOzp1xbvpdH2l6puX9KN8z/edit?usp=drivesdk&ouid=101956724998028410123&rtpof=true&sd=true"
"Resource Center/ARCHIVES/PY 2025/(7) JULY 2025/07 21 2025","Life Insurance Market Training.pdf","1bKmzilEAyq4u43HXof2lG0k6ehhL7JR7","application/pdf","https://drive.google.com/file/d/1bKmzilEAyq4u43HXof2lG0k6ehhL7JR7/view?usp=drivesdk"
"Resource Center/ARCHIVES/PY 2025/(7) JULY 2025/07 14 2025","Life Insurance Referral Training.docx","1VeMncgiZ6z8_pNyN9rVHB5ltvvASmrKb","application/vnd.openxmlformats-officedocument.wordprocessingml.document","https://docs.google.com/document/d/1VeMncgiZ6z8_pNyN9rVHB5ltvvASmrKb/edit?usp=drivesdk&ouid=101956724998028410123&rtpof=true&sd=true"
"Resource Center/ARCHIVES/PY 2025/(7) JULY 2025/07 14 2025","Life Insurance Referral Training.pdf","1aCFZCRAbKwbl4GshsT9xfaVCx3rosY2V","application/pdf","https://drive.google.com/file/d/1aCFZCRAbKwbl4GshsT9xfaVCx3rosY2V/view?usp=drivesdk"
"Resource Center/ARCHIVES/PY 2025/(7) JULY 2025/07 28 2025","REPEAT Life Insurance Market Training.pdf","13r8EoFiw4XrC8iG8ufODlsGUnMkclZtu","application/pdf","https://drive.google.com/file/d/13r8EoFiw4XrC8iG8ufODlsGUnMkclZtu/view?usp=drivesdk"
"Resource Center/ARCHIVES/PY 2025/(7) JULY 2025/07 28 2025","REPEAT Life Insurance Market Training.docx","1420auO7sOdmbQA-nhWe5OLEdT7hhulwj","application/vnd.openxmlformats-officedocument.wordprocessingml.document","https://docs.google.com/document/d/1420auO7sOdmbQA-nhWe5OLEdT7hhulwj/edit?usp=drivesdk&ouid=101956724998028410123&rtpof=true&sd=true"
"Resource Center/ARCHIVES/PY 2025/(7) JULY 2025/07 07 2025","Life Insurance Opportunity Creation.docx","1UtArlw1y69R4-PZuxmI5AHfKfuZ2B3wR","application/vnd.openxmlformats-officedocument.wordprocessingml.document","https://docs.google.com/document/d/1UtArlw1y69R4-PZuxmI5AHfKfuZ2B3wR/edit?usp=drivesdk&ouid=101956724998028410123&rtpof=true&sd=true"
"Resource Center/ARCHIVES/PY 2025/(7) JULY 2025/07 07 2025","Life Insurance Opportunity Creation.pdf","1OCKU4VibrC3kOAgXL6VfUQly2GAoUnJQ","application/pdf","https://drive.google.com/file/d/1OCKU4VibrC3kOAgXL6VfUQly2GAoUnJQ/view?usp=drivesdk"
"Resource Center/ARCHIVES/PY 2022","Broker of Record Change - Accord.pdf","18wA6guVieg5HgV7VAOndpKJnrlg-Fo_U","application/pdf","https://drive.google.com/file/d/18wA6guVieg5HgV7VAOndpKJnrlg-Fo_U/view?usp=drivesdk"
"Resource Center/ARCHIVES/PY 2022","ACA 101 Training Video.mp4","1WN47MLLT_xkfGkoU6YCAciXRdY8e6QkG","video/mp4","https://drive.google.com/file/d/1WN47MLLT_xkfGkoU6YCAciXRdY8e6QkG/view?usp=drivesdk"
"Resource Center/ARCHIVES/PY 2024","FPL Chart 2024.pdf","12J622tw1Ki-iNezifn90Cp1vi7L1qLpo","application/pdf","https://drive.google.com/file/d/12J622tw1Ki-iNezifn90Cp1vi7L1qLpo/view?usp=drivesdk"
"Resource Center/ARCHIVES/PY 2024","ProtectHealth 2025 OEP Virtual Kickoff – 2024_10_25 13_49 PDT – Recording.mp4","1R-3S1Ze-Tu9F3dX9JPEDUKYS2f2X6vQ1","video/mp4","https://drive.google.com/file/d/1R-3S1Ze-Tu9F3dX9JPEDUKYS2f2X6vQ1/view?usp=drivesdk"
"Resource Center/ARCHIVES/PY 2024","ProtectHealth 2025 OEP Virtual Kickoff – 2024_10_25 13_11 PDT – Recording.mp4","1zUgAVJEaviWNbuxzstipxI445KxIr7c4","video/mp4","https://drive.google.com/file/d/1zUgAVJEaviWNbuxzstipxI445KxIr7c4/view?usp=drivesdk"
"Resource Center/ARCHIVES/PY 2024","ProtectHealth 2025 OEP Virtual Kickoff – 2024_10_25 13_49 PDT – Chat.txt","1FPpnehMziWYbK6CbZEGv_uqnzSG_1A5j","text/plain","https://drive.google.com/file/d/1FPpnehMziWYbK6CbZEGv_uqnzSG_1A5j/view?usp=drivesdk"
"Resource Center/ARCHIVES/PY 2024","2024 Application Entry and Lead Form Cover Page.pdf","1LG3J4xvAFyu_BB2eXCfGOrRCUfgWmat5","application/pdf","https://drive.google.com/file/d/1LG3J4xvAFyu_BB2eXCfGOrRCUfgWmat5/view?usp=drivesdk"
"Resource Center/ARCHIVES/PY 2024","2024 Application Entry and Lead Form.docx","1zuLcA99ku5A6sXdXfG_tOpDYuaoUBTPV","application/vnd.openxmlformats-officedocument.wordprocessingml.document","https://docs.google.com/document/d/1zuLcA99ku5A6sXdXfG_tOpDYuaoUBTPV/edit?usp=drivesdk&ouid=101956724998028410123&rtpof=true&sd=true"
"Resource Center/ARCHIVES/PY 2024","2024 Application Entry and Lead Form Final.pdf","1HsxRnZYkWRehMyC4sNSV6TXuJgFH7rMF","application/pdf","https://drive.google.com/file/d/1HsxRnZYkWRehMyC4sNSV6TXuJgFH7rMF/view?usp=drivesdk"
"Resource Center/ARCHIVES/PY 2024","PALIC-New Era Contracting Request Form.pdf","1iW5EqajJ1jOYSA68IzZF46-msQxkyCUz","application/pdf","https://drive.google.com/file/d/1iW5EqajJ1jOYSA68IzZF46-msQxkyCUz/view?usp=drivesdk"
"Resource Center/ARCHIVES/PY 2024","Copy of @ SEGCensus_MAY2023.xlsx","1peJLkI64vyNmHZFHc8aTqjVUGlRTs0X-","application/vnd.openxmlformats-officedocument.spreadsheetml.sheet","https://docs.google.com/spreadsheets/d/1peJLkI64vyNmHZFHc8aTqjVUGlRTs0X-/edit?usp=drivesdk&ouid=101956724998028410123&rtpof=true&sd=true"
"Resource Center/ARCHIVES/PY 2024","FPL-Chart-2024.pdf","1BFHtwlIibuJnDY3A9fjDGSzWv46eL8_8","application/pdf","https://drive.google.com/file/d/1BFHtwlIibuJnDY3A9fjDGSzWv46eL8_8/view?usp=drivesdk"
"Resource Center/ARCHIVES/PY 2024","Entering Member ID Into HPN Clients in CRM.mp4","1g-lk4beiAyKWmLkpDjWBCPPYV3KH4AeJ","video/mp4","https://drive.google.com/file/d/1g-lk4beiAyKWmLkpDjWBCPPYV3KH4AeJ/view?usp=drivesdk"
"Resource Center/ARCHIVES/PY 2024","List of Brokers to Receive Free Leads.xlsx","1Y0cfEicBZBUD7FHAyinCe_T6Dbf7__E0","application/vnd.openxmlformats-officedocument.spreadsheetml.sheet","https://docs.google.com/spreadsheets/d/1Y0cfEicBZBUD7FHAyinCe_T6Dbf7__E0/edit?usp=drivesdk&ouid=101956724998028410123&rtpof=true&sd=true"
"Resource Center/ARCHIVES/PY 2024","~$erview Outline Final - Ready For PPT.docx","1ybcod_kQ4z7HMekiX0fV8sRx4TB5Rc20","application/vnd.openxmlformats-officedocument.wordprocessingml.document","https://docs.google.com/document/d/1ybcod_kQ4z7HMekiX0fV8sRx4TB5Rc20/edit?usp=drivesdk&ouid=101956724998028410123&rtpof=true&sd=true"
"Resource Center/ARCHIVES/PY 2024","GeoBlue Travel Insurance Appointment.pdf","1EoqAsMFSHjt-i65HZMeUWTdHBNsqiPjR","application/pdf","https://drive.google.com/file/d/1EoqAsMFSHjt-i65HZMeUWTdHBNsqiPjR/view?usp=drivesdk"
"Resource Center/ARCHIVES/PY 2024","Life Insurance Broker Tracking Form.xlsb","1vnuxWtOSIoY3yPgreyXHxP_hcgxLhOf4","application/vnd.openxmlformats-officedocument.spreadsheetml.sheet","https://docs.google.com/spreadsheets/d/1vnuxWtOSIoY3yPgreyXHxP_hcgxLhOf4/edit?usp=drivesdk&ouid=101956724998028410123&rtpof=true&sd=true"
"Resource Center/ARCHIVES/PY 2024","2024 ACA Commissions - Individual and Group - FINAL.pdf","10NjbHdNDDpt80koHtz28vugo_W8nsW9z","application/pdf","https://drive.google.com/file/d/10NjbHdNDDpt80koHtz28vugo_W8nsW9z/view?usp=drivesdk"
"Resource Center/ARCHIVES/PY 2024","OEP Celebration Full Presentation.mp4","1yHqzn_ysYqtjBEukYYTUXWsTVHar8ALf","video/mp4","https://drive.google.com/file/d/1yHqzn_ysYqtjBEukYYTUXWsTVHar8ALf/view?usp=drivesdk"
"Resource Center/ARCHIVES/PY 2024","2024 OEP Celebration Presentation Generic Slides.pdf","1a4l9Amgg0i61HUsfJWFRwnla_YrsjOhN","application/pdf","https://drive.google.com/file/d/1a4l9Amgg0i61HUsfJWFRwnla_YrsjOhN/view?usp=drivesdk"
"Resource Center/ARCHIVES/PY 2024","HPN-Sierra 2024 Individual Application Fillable.pdf","13KQ5holFyEwjQ0EUuA3EEAXqAm5PNd-T","application/pdf","https://drive.google.com/file/d/13KQ5holFyEwjQ0EUuA3EEAXqAm5PNd-T/view?usp=drivesdk"
"Resource Center/ARCHIVES/PY 2024","2024 LOE Form for Nevada Health Link.pdf","1X51W-Q8uohDEqzX1nt2Rem-G3ejqty4Y","application/pdf","https://drive.google.com/file/d/1X51W-Q8uohDEqzX1nt2Rem-G3ejqty4Y/view?usp=drivesdk"
"Resource Center/ARCHIVES/PY 2024","2024 Application Entry and Lead Form Cover Page.docx","1vuomi3SYxSZUiHRX-E5mEfuF_QzCV7ZK","application/vnd.openxmlformats-officedocument.wordprocessingml.document","https://docs.google.com/document/d/1vuomi3SYxSZUiHRX-E5mEfuF_QzCV7ZK/edit?usp=drivesdk&ouid=101956724998028410123&rtpof=true&sd=true"
"Resource Center/ARCHIVES/PY 2024","2024 Application Entry and Lead Form.pdf.docx","1UdFHKgfaZx5MP8Zv4ax_vBLMrFe6JKYp","application/vnd.openxmlformats-officedocument.wordprocessingml.document","https://docs.google.com/document/d/1UdFHKgfaZx5MP8Zv4ax_vBLMrFe6JKYp/edit?usp=drivesdk&ouid=101956724998028410123&rtpof=true&sd=true"
"Resource Center/ARCHIVES/PY 2024","Selling GAP With ACA Plans Full PPT Training Deck.pptx","1Fk9pEsUOJXbQk2YpBlN0MffM0aUObbxF","application/vnd.openxmlformats-officedocument.presentationml.presentation","https://docs.google.com/presentation/d/1Fk9pEsUOJXbQk2YpBlN0MffM0aUObbxF/edit?usp=drivesdk&ouid=101956724998028410123&rtpof=true&sd=true"
"Resource Center/ARCHIVES/PY 2024","HSP Gold and GAP PY 2024 Refresher Course.pptx","1ax7amo0re91kh0dY-4yTNsEPKns1QaRA","application/vnd.openxmlformats-officedocument.presentationml.presentation","https://docs.google.com/presentation/d/1ax7amo0re91kh0dY-4yTNsEPKns1QaRA/edit?usp=drivesdk&ouid=101956724998028410123&rtpof=true&sd=true"
"Resource Center/ARCHIVES/PY 2024/Five Point Training","$ OVERVIEW.docx","13Z4WCntR1FFGj-8eDqsjTM1PGk9RQZFT","application/vnd.openxmlformats-officedocument.wordprocessingml.document","https://docs.google.com/document/d/13Z4WCntR1FFGj-8eDqsjTM1PGk9RQZFT/edit?usp=drivesdk&ouid=101956724998028410123&rtpof=true&sd=true"
"Resource Center/ARCHIVES/PY 2024/Five Point Training","$ OVERVIEW_READY TO PRESENT.pptx","1Qx0mqbd3woXj3HQEUgf5WQ2cXgfvVYsY","application/vnd.openxmlformats-officedocument.presentationml.presentation","https://docs.google.com/presentation/d/1Qx0mqbd3woXj3HQEUgf5WQ2cXgfvVYsY/edit?usp=drivesdk&ouid=101956724998028410123&rtpof=true&sd=true"
"Resource Center/ARCHIVES/PY 2024/Five Point Training","ROB-A-Fide_PH PPT Overview WIP.pptx","1SDAJPgZ9O4rtPrNJG_e-SOPnnjoNdoBU","application/vnd.openxmlformats-officedocument.presentationml.presentation","https://docs.google.com/presentation/d/1SDAJPgZ9O4rtPrNJG_e-SOPnnjoNdoBU/edit?usp=drivesdk&ouid=101956724998028410123&rtpof=true&sd=true"
"Resource Center/ARCHIVES/PY 2024/Five Point Training","ProtectHealth PowerPoint Overview Completed.pptx","10IKJ-cSimhVsFUTJCls2Ww0SjvkJXavX","application/vnd.openxmlformats-officedocument.presentationml.presentation","https://docs.google.com/presentation/d/10IKJ-cSimhVsFUTJCls2Ww0SjvkJXavX/edit?usp=drivesdk&ouid=101956724998028410123&rtpof=true&sd=true"
"Resource Center/ARCHIVES/PY 2024/Five Point Training","Overview Outline Final - Ready For PPT.docx","1bzwJRINCvOnUr8y2n90KL6vUff_yiviY","application/vnd.openxmlformats-officedocument.wordprocessingml.document","https://docs.google.com/document/d/1bzwJRINCvOnUr8y2n90KL6vUff_yiviY/edit?usp=drivesdk&ouid=101956724998028410123&rtpof=true&sd=true"
"Resource Center/ARCHIVES/PY 2024/Five Point Training","ProtectHealth PowerPoint Template.pptx","18xxBFf9JCq-lGg_ICXuUCge7TlmIxDhH","application/vnd.openxmlformats-officedocument.presentationml.presentation","https://docs.google.com/presentation/d/18xxBFf9JCq-lGg_ICXuUCge7TlmIxDhH/edit?usp=drivesdk&ouid=101956724998028410123&rtpof=true&sd=true"
"Resource Center/ARCHIVES/PY 2023","2023 ACA Commissions - Individual and Group - Upd Mar 2 2023 - FINAL.xlsx","1fSnyWbZ5uwEGyeZxjVYJh4AvOlGj-KnI","application/vnd.openxmlformats-officedocument.spreadsheetml.sheet","https://docs.google.com/spreadsheets/d/1fSnyWbZ5uwEGyeZxjVYJh4AvOlGj-KnI/edit?usp=drivesdk&ouid=101956724998028410123&rtpof=true&sd=true"
"Resource Center/ARCHIVES/PY 2023","GAP Full Explainer V2 - Unbranded.mp4","1C82JwAEjXgR7mwZTwwewJmRd8EKY_pDB","video/mp4","https://drive.google.com/file/d/1C82JwAEjXgR7mwZTwwewJmRd8EKY_pDB/view?usp=drivesdk"
"Resource Center/ARCHIVES/PY 2023","GAP Full Explainer V2 - Branded.mp4","1835J4_lMRdK0lLGf1S7THwowJcQBh3_1","video/mp4","https://drive.google.com/file/d/1835J4_lMRdK0lLGf1S7THwowJcQBh3_1/view?usp=drivesdk"
"Resource Center/ARCHIVES/PY 2023","Historical NVHL Calls Per Day Per Broker.pdf","1p62DPkESaxOxBr9Q66qRpuDqnhkmYGa8","application/pdf","https://drive.google.com/file/d/1p62DPkESaxOxBr9Q66qRpuDqnhkmYGa8/view?usp=drivesdk"
"Resource Center/ARCHIVES/PY 2023","Historical NVHL Calls Per Day Per Broker.jpg","1OJ7_qX1ZRi8xQ9F7Jiou3xj7LLuQL8kG","image/jpeg","https://drive.google.com/file/d/1OJ7_qX1ZRi8xQ9F7Jiou3xj7LLuQL8kG/view?usp=drivesdk"
"Resource Center/ARCHIVES/PY 2023","Historical NVHL Calls Per Day Per Broker.docx","1jfLUzDfHFSr8rLRJgUWQJic2asf57cpn","application/vnd.openxmlformats-officedocument.wordprocessingml.document","https://docs.google.com/document/d/1jfLUzDfHFSr8rLRJgUWQJic2asf57cpn/edit?usp=drivesdk&ouid=101956724998028410123&rtpof=true&sd=true"
"Resource Center/ARCHIVES/PY 2023","SOB-Anthem Silver EPO 4400 $0 Virtual PCP $0 Select Drugs EOC.PDF","16oF6ae0AKvIEOruBcS4kkCU_UA-8NN9j","application/pdf","https://drive.google.com/file/d/16oF6ae0AKvIEOruBcS4kkCU_UA-8NN9j/view?usp=drivesdk"
"Resource Center/ARCHIVES/PY 2023","SOB-Anthem Silver EPO 5500 $0 Virtual PCP $0 Select Drugs EOC.PDF","1GLJIPDYWEq-BCx-1xFxCR-mUAt9f3Enl","application/pdf","https://drive.google.com/file/d/1GLJIPDYWEq-BCx-1xFxCR-mUAt9f3Enl/view?usp=drivesdk"
"Resource Center/ARCHIVES/PY 2023","SOB-Anthem Silver EPO 5000 $0 Virtual PCP $0 Select Drugs EOC.PDF","18-TV-T__lYrH9UTsharc6XPHQYqBDc3t","application/pdf","https://drive.google.com/file/d/18-TV-T__lYrH9UTsharc6XPHQYqBDc3t/view?usp=drivesdk"
"Resource Center/ARCHIVES/PY 2023","SOB- Anthem Bronze EPO 6300 $0 Virtual PCP $0 Select Drugs EOC.PDF","1FECe7KQMIMpPpP3I7pxZ4E8JxIa5iu_4","application/pdf","https://drive.google.com/file/d/1FECe7KQMIMpPpP3I7pxZ4E8JxIa5iu_4/view?usp=drivesdk"
"Resource Center/ARCHIVES/PY 2023","SelectHealth Broker of Record Change.pdf","1nZM6XZdCyfDL4Ztm_ws0yOe4E2nVfRO6","application/pdf","https://drive.google.com/file/d/1nZM6XZdCyfDL4Ztm_ws0yOe4E2nVfRO6/view?usp=drivesdk"
"Resource Center/ARCHIVES/PY 2023","Tech Update Training 09292023(1).mp4","1Zkmwx1c1xNwyPmnI573w5SlrUk08kfX8","video/mp4","https://drive.google.com/file/d/1Zkmwx1c1xNwyPmnI573w5SlrUk08kfX8/view?usp=drivesdk"
"Resource Center/ARCHIVES/PY 2023","How to Setup Google Calendar Scheduler.mp4","13SrGlCJghEDL8tYR8_-vAahqkPeQyxBa","video/mp4","https://drive.google.com/file/d/13SrGlCJghEDL8tYR8_-vAahqkPeQyxBa/view?usp=drivesdk"
"Resource Center/ARCHIVES/PY 2023","Required Settings for Google Calendar.pdf","1GOHgqVM_S10Kato68JLP97S3AvcJZ-pY","application/pdf","https://drive.google.com/file/d/1GOHgqVM_S10Kato68JLP97S3AvcJZ-pY/view?usp=drivesdk"
"Resource Center/ARCHIVES/PY 2023","video2045406940.mp4","19FHWok9fvyTKZsTudw_uat5hydUBSmvM","video/mp4","https://drive.google.com/file/d/19FHWok9fvyTKZsTudw_uat5hydUBSmvM/view?usp=drivesdk"
"Resource Center/ARCHIVES/PY 2023","PALIC - Rx Claim Form and Instructions.pdf","14no6m9kU_SkXehrREt5WaPAMkA8p1DQx","application/pdf","https://drive.google.com/file/d/14no6m9kU_SkXehrREt5WaPAMkA8p1DQx/view?usp=drivesdk"
"Resource Center/ARCHIVES/PY 2023","PALIC - HIPAA Authorization Form.pdf","1jm3y3FeDdtDjXtMaaeAQsVJfWznK8cCH","application/pdf","https://drive.google.com/file/d/1jm3y3FeDdtDjXtMaaeAQsVJfWznK8cCH/view?usp=drivesdk"
"Resource Center/ARCHIVES/PY 2023","PALIC - Hospital Indemnity Claim Form and Instructions.pdf","1qZyEAIWGNlRMpluRSNXL30TBsSQaX875","application/pdf","https://drive.google.com/file/d/1qZyEAIWGNlRMpluRSNXL30TBsSQaX875/view?usp=drivesdk"
"Resource Center/ARCHIVES/PY 2023","PALIC - GAP Claim Form and Instructions.pdf","15ku1UQ7h21ZReZnIkIIvsn29MhEK_JVU","application/pdf","https://drive.google.com/file/d/15ku1UQ7h21ZReZnIkIIvsn29MhEK_JVU/view?usp=drivesdk"
"Resource Center/ARCHIVES/PY 2023","PALIC - Critical Illness Rider-Policy Claim Form and Instructions.pdf","1fKtMfFG8R5XKUQwTvySfv8j-EFkhtCT9","application/pdf","https://drive.google.com/file/d/1fKtMfFG8R5XKUQwTvySfv8j-EFkhtCT9/view?usp=drivesdk"
"Resource Center/ARCHIVES/PY 2023","PALIC - Accident Claim Form and Instructions.pdf","1IBpcJ9ec5waHBwgRMgyXfEFeCgttseCN","application/pdf","https://drive.google.com/file/d/1IBpcJ9ec5waHBwgRMgyXfEFeCgttseCN/view?usp=drivesdk"
"Resource Center/ARCHIVES/PY 2023","Paytient Training - May 11 - 2022.mp4","1UeKnZxJ9nCK6br5U33iZcYEA_UJpxpYU","video/mp4","https://drive.google.com/file/d/1UeKnZxJ9nCK6br5U33iZcYEA_UJpxpYU/view?usp=drivesdk"
"Resource Center/ARCHIVES/PY 2023","April 29 2023 - Medicaid PHE NVHL Access Code Zoom Meeting.mp4","1-HqTpWPTCk-3egtEU9WOwJvED389BpT3","video/mp4","https://drive.google.com/file/d/1-HqTpWPTCk-3egtEU9WOwJvED389BpT3/view?usp=drivesdk"
"Resource Center/ARCHIVES/PY 2023","2023 Commission Run Schedule - ProtectHealth.pdf","1gbsSz4fBBpP37xfkb5-9O6CDvH0c6pDw","application/pdf","https://drive.google.com/file/d/1gbsSz4fBBpP37xfkb5-9O6CDvH0c6pDw/view?usp=drivesdk"
"Resource Center/ARCHIVES/PY 2023","Broker Referral Program - 2023 - Flyer.pdf","1uupvPH1ZAGywU8oBjUXmwkLQrVb-uL2I","application/pdf","https://drive.google.com/file/d/1uupvPH1ZAGywU8oBjUXmwkLQrVb-uL2I/view?usp=drivesdk"
"Resource Center/ARCHIVES/PY 2023","Lorraine Castillo Final Push Bonus.xlsx","1Rw0-Iwx03VN6mIP_kPtnbDboWs12P2Dt","application/vnd.openxmlformats-officedocument.spreadsheetml.sheet","https://docs.google.com/spreadsheets/d/1Rw0-Iwx03VN6mIP_kPtnbDboWs12P2Dt/edit?usp=drivesdk&ouid=101956724998028410123&rtpof=true&sd=true"
"Resource Center/ARCHIVES/PY 2023","Seth Martin - Final Push Bonus.xlsx","1H_evYL0HostEPW6rv26zENaDFGkF-AQL","application/vnd.openxmlformats-officedocument.spreadsheetml.sheet","https://docs.google.com/spreadsheets/d/1H_evYL0HostEPW6rv26zENaDFGkF-AQL/edit?usp=drivesdk&ouid=101956724998028410123&rtpof=true&sd=true"
"Resource Center/ARCHIVES/PY 2023","Beth Verdin - Final Push Bonus.xlsx","1Nxw-1VjHfuxRsh5GdqEyUGiGGhWtvwjJ","application/vnd.openxmlformats-officedocument.spreadsheetml.sheet","https://docs.google.com/spreadsheets/d/1Nxw-1VjHfuxRsh5GdqEyUGiGGhWtvwjJ/edit?usp=drivesdk&ouid=101956724998028410123&rtpof=true&sd=true"
"Resource Center/ARCHIVES/PY 2023","Andrew Martin - Final Push Bonus Tracker.xlsx","154fXfUPlOjXisYQ5CJ8i0PTJoL4yr5Jm","application/vnd.openxmlformats-officedocument.spreadsheetml.sheet","https://docs.google.com/spreadsheets/d/154fXfUPlOjXisYQ5CJ8i0PTJoL4yr5Jm/edit?usp=drivesdk&ouid=101956724998028410123&rtpof=true&sd=true"
"Resource Center/ARCHIVES/PY 2023","Harold Byford - Final Push Bonus Tracker.xlsx","1VAqyxSZ1XhU3Yfdq8tzIYMioVw4LZd4N","application/vnd.openxmlformats-officedocument.spreadsheetml.sheet","https://docs.google.com/spreadsheets/d/1VAqyxSZ1XhU3Yfdq8tzIYMioVw4LZd4N/edit?usp=drivesdk&ouid=101956724998028410123&rtpof=true&sd=true"
"Resource Center/ARCHIVES/PY 2023","Phil Olsen - Final Push Bonus.xlsx","1Yv7jZ8bTOpng6pWeiZXbF12blWqMnDNd","application/vnd.openxmlformats-officedocument.spreadsheetml.sheet","https://docs.google.com/spreadsheets/d/1Yv7jZ8bTOpng6pWeiZXbF12blWqMnDNd/edit?usp=drivesdk&ouid=101956724998028410123&rtpof=true&sd=true"
"Resource Center/ARCHIVES/PY 2023","Erica Thomas - Final Push Bonus Tracker.xlsx","12wM_XIT99DFJj5XelCeJm-2JrHfwPfMv","application/vnd.openxmlformats-officedocument.spreadsheetml.sheet","https://docs.google.com/spreadsheets/d/12wM_XIT99DFJj5XelCeJm-2JrHfwPfMv/edit?usp=drivesdk&ouid=101956724998028410123&rtpof=true&sd=true"
"Resource Center/ARCHIVES/PY 2023","Final Push Bonus - 2023 - Ambetter Updated.pdf","1Ge02zcL9QG2qbHesHjYA85j-OXR-b6gr","application/pdf","https://drive.google.com/file/d/1Ge02zcL9QG2qbHesHjYA85j-OXR-b6gr/view?usp=drivesdk"
"Resource Center/ARCHIVES/PY 2023","Final Push Bonus - 2023.pdf","1YMIyAbBgNioC-wjQc28BDnxMYOAUYJQW","application/pdf","https://drive.google.com/file/d/1YMIyAbBgNioC-wjQc28BDnxMYOAUYJQW/view?usp=drivesdk"
"Resource Center/ARCHIVES/PY 2023","New DBHI Intro Video Un-Branded With Subs (CURTISMCCALL).mp4","1mF-LbuICZJOFvYDzpSO9lnXeWdVtscg-","video/mp4","https://drive.google.com/file/d/1mF-LbuICZJOFvYDzpSO9lnXeWdVtscg-/view?usp=drivesdk"
"Resource Center/- Corporate_","New Broker Presentation 2024.pptx","19Zkn18djB_YU32zICJEJM9LP4_iC-UWt","application/vnd.openxmlformats-officedocument.presentationml.presentation","https://docs.google.com/presentation/d/19Zkn18djB_YU32zICJEJM9LP4_iC-UWt/edit?usp=drivesdk&ouid=101956724998028410123&rtpof=true&sd=true"
"Resource Center/- Corporate_","New Broker Presentation 2024 - Espanol.pptx","1xhlfBlSEQhgz48SzQAxvwy-z71M_DrdM","application/vnd.openxmlformats-officedocument.presentationml.presentation","https://docs.google.com/presentation/d/1xhlfBlSEQhgz48SzQAxvwy-z71M_DrdM/edit?usp=drivesdk&ouid=101956724998028410123&rtpof=true&sd=true"
"Resource Center/- Corporate_","Johnathon_s Presentation - Ticket Submission.mp4","1riBpRST63vOIu4fr6Ry5UBBb81-evDso","video/mp4","https://drive.google.com/file/d/1riBpRST63vOIu4fr6Ry5UBBb81-evDso/view?usp=drivesdk"
"Resource Center/- Corporate_","2024 Application Entry and Lead Form Cover Page.pdf","1x_rCaLLPdbgxPsqM9CxZbWkFPBwzOmfU","application/pdf","https://drive.google.com/file/d/1x_rCaLLPdbgxPsqM9CxZbWkFPBwzOmfU/view?usp=drivesdk"
"Resource Center/- Corporate_","2024 Application Entry and Lead Form Final.pdf","1bcSYde_HWKC_2ags8FYb1ALIBMZCejvv","application/pdf","https://drive.google.com/file/d/1bcSYde_HWKC_2ags8FYb1ALIBMZCejvv/view?usp=drivesdk"
"Resource Center/- Corporate_","2025 Application Entry and Lead Form Final.pdf","1jYv6hVDcDUqMJjMehibpG8BK4k6s321_","application/pdf","https://drive.google.com/file/d/1jYv6hVDcDUqMJjMehibpG8BK4k6s321_/view?usp=drivesdk"
"Resource Center/- Corporate_","Broker of Record Change - Accord.pdf","1gDiacJH6D77JMe4lfVjX6zFJbj0Ip7mL","application/pdf","https://drive.google.com/file/d/1gDiacJH6D77JMe4lfVjX6zFJbj0Ip7mL/view?usp=drivesdk"
"Resource Center/- Corporate_/TRAINING","Small Employer Group (SEG) Opportunity Process.pdf","1G3aLL4ragsQqQ1LAKpr_cabKKStKKck9","application/pdf","https://drive.google.com/file/d/1G3aLL4ragsQqQ1LAKpr_cabKKStKKck9/view?usp=drivesdk"
"Resource Center/- Corporate_/TRAINING/5-POINT TRAINING (ONBOARDED)","PH_Training~IP Acknowledgement.pdf","1ODpApkinSrqiT7-9gOTIykIB_tfrAh6J","application/pdf","https://drive.google.com/file/d/1ODpApkinSrqiT7-9gOTIykIB_tfrAh6J/view?usp=drivesdk"
"Resource Center/- Corporate_/TRAINING/5-POINT TRAINING (ONBOARDED)","PH_Training~IP Acknowledgement.docx","1xnS80al25K_O3eVuVBj5YawaJOBwSt_U","application/vnd.openxmlformats-officedocument.wordprocessingml.document","https://docs.google.com/document/d/1xnS80al25K_O3eVuVBj5YawaJOBwSt_U/edit?usp=drivesdk&ouid=101956724998028410123&rtpof=true&sd=true"
"Resource Center/- Corporate_/TRAINING/5-POINT TRAINING (ONBOARDED)","PH Directory.docx","1wX3bZ44GhWc-_a9RSQpCjPS86VCY9FVt","application/vnd.openxmlformats-officedocument.wordprocessingml.document","https://docs.google.com/document/d/1wX3bZ44GhWc-_a9RSQpCjPS86VCY9FVt/edit?usp=drivesdk&ouid=101956724998028410123&rtpof=true&sd=true"
"Resource Center/- Corporate_/TRAINING/5-POINT TRAINING (ONBOARDED)","PH Directory_.pdf","18JVwSU7RYbj-r_eCD0Tnypg8KMTQES0N","application/pdf","https://drive.google.com/file/d/18JVwSU7RYbj-r_eCD0Tnypg8KMTQES0N/view?usp=drivesdk"
"Resource Center/- Corporate_/TRAINING/5-POINT TRAINING (ONBOARDED)","PH CRM Setup Guide.docx","13N2mSWcUeyixBAleZZkhpwUubMDBO9dx","application/vnd.openxmlformats-officedocument.wordprocessingml.document","https://docs.google.com/document/d/13N2mSWcUeyixBAleZZkhpwUubMDBO9dx/edit?usp=drivesdk&ouid=101956724998028410123&rtpof=true&sd=true"
"Resource Center/- Corporate_/TRAINING/5-POINT TRAINING (ONBOARDED)","PH CRM Setup Guide.pdf","1v2U7DQaE2wT_kYb14Y36GaQDmNNLkO9-","application/pdf","https://drive.google.com/file/d/1v2U7DQaE2wT_kYb14Y36GaQDmNNLkO9-/view?usp=drivesdk"
"Resource Center/- Corporate_/TRAINING/5-POINT TRAINING (ONBOARDED)/5 Point Training/ACA U65/Curriculm","PH ACA Client Convo Guide.pdf","1Kn5m9mqHbBAt_Jt9zkTbamKCK9ZM5OD0","application/pdf","https://drive.google.com/file/d/1Kn5m9mqHbBAt_Jt9zkTbamKCK9ZM5OD0/view?usp=drivesdk"
"Resource Center/- Corporate_/TRAINING/5-POINT TRAINING (ONBOARDED)/5 Point Training/ACA U65/Curriculm","PH ACA Client Convo Guide.docx","1T1sISat1P3MUZtnmumTot_F3hVNLuk6h","application/vnd.openxmlformats-officedocument.wordprocessingml.document","https://docs.google.com/document/d/1T1sISat1P3MUZtnmumTot_F3hVNLuk6h/edit?usp=drivesdk&ouid=101956724998028410123&rtpof=true&sd=true"
"Resource Center/- Corporate_/TRAINING/5-POINT TRAINING (ONBOARDED)/5 Point Training/ACA U65/Curriculm","5POINT ACA U65_JUNE 2025.pdf","1P9zOmdMsMs_z8HtZ5qH4COmpFIAodO2X","application/pdf","https://drive.google.com/file/d/1P9zOmdMsMs_z8HtZ5qH4COmpFIAodO2X/view?usp=drivesdk"
"Resource Center/- Corporate_/TRAINING/5-POINT TRAINING (ONBOARDED)/5 Point Training/ACA U65/Curriculm","5POINT ACA U65_JUNE 2025.docx","1fyb5tIMhd_qfRymq4kW86zGSzcYyYBnm","application/vnd.openxmlformats-officedocument.wordprocessingml.document","https://docs.google.com/document/d/1fyb5tIMhd_qfRymq4kW86zGSzcYyYBnm/edit?usp=drivesdk&ouid=101956724998028410123&rtpof=true&sd=true"
"Resource Center/- Corporate_/TRAINING/5-POINT TRAINING (ONBOARDED)/5 Point Training/ACA U65/ACA U65 PLAN DESIGN ANOTOMY_APTC~CSR","SH 5 DD5PT_PY2024_ANATOMY.pdf","1N3JnWGE4BZFccsEir_WCk6jRi1kOGvoE","application/pdf","https://drive.google.com/file/d/1N3JnWGE4BZFccsEir_WCk6jRi1kOGvoE/view?usp=drivesdk"
"Resource Center/- Corporate_/TRAINING/5-POINT TRAINING (ONBOARDED)/5 Point Training/ACA U65/ACA U65 PLAN DESIGN ANOTOMY_APTC~CSR","SH 4 DD5PT_PY2024_ANATOMY.pdf","1MNl1Bbl0H3Tnn4vI7aCuZ_X2zRwEfGT_","application/pdf","https://drive.google.com/file/d/1MNl1Bbl0H3Tnn4vI7aCuZ_X2zRwEfGT_/view?usp=drivesdk"
"Resource Center/- Corporate_/TRAINING/5-POINT TRAINING (ONBOARDED)/5 Point Training/ACA U65/ACA U65 PLAN DESIGN ANOTOMY_APTC~CSR","SH 3 DD5PT_PY2024_ANATOMY.pdf","1LCwojV6HAT3DxqUTHDRseXmI5C_-JqLq","application/pdf","https://drive.google.com/file/d/1LCwojV6HAT3DxqUTHDRseXmI5C_-JqLq/view?usp=drivesdk"
"Resource Center/- Corporate_/TRAINING/5-POINT TRAINING (ONBOARDED)/5 Point Training/ACA U65/ACA U65 PLAN DESIGN ANOTOMY_APTC~CSR","SH 2 DD5PT_PY2024_ANATOMY.pdf","1L_SdevcQdvwr61y2wT55u-kzQJfG5oNH","application/pdf","https://drive.google.com/file/d/1L_SdevcQdvwr61y2wT55u-kzQJfG5oNH/view?usp=drivesdk"
"Resource Center/- Corporate_/TRAINING/5-POINT TRAINING (ONBOARDED)/5 Point Training/ACA U65/ACA U65 PLAN DESIGN ANOTOMY_APTC~CSR","SH 1 DD5PT_PY2024_ANATOMY.pdf","1caZVZ2nJ640iu73BFR_vW8e_AVT2Je0l","application/pdf","https://drive.google.com/file/d/1caZVZ2nJ640iu73BFR_vW8e_AVT2Je0l/view?usp=drivesdk"
"Resource Center/- Corporate_/TRAINING/5-POINT TRAINING (ONBOARDED)/5 Point Training/ACA U65/ACA U65 PLAN DESIGN ANOTOMY_APTC~CSR","HPN 5 DD5PT_PY2024_ANATOMY.pdf","1-Uvy8Yaqb9_9CrK_ci-LT-znLaEipDox","application/pdf","https://drive.google.com/file/d/1-Uvy8Yaqb9_9CrK_ci-LT-znLaEipDox/view?usp=drivesdk"
"Resource Center/- Corporate_/TRAINING/5-POINT TRAINING (ONBOARDED)/5 Point Training/ACA U65/ACA U65 PLAN DESIGN ANOTOMY_APTC~CSR","HPN 4 DD5PT_PY2024_ANATOMY.pdf","1S78Mw339STFxyfAZMEqbsjEe4WPAxCz_","application/pdf","https://drive.google.com/file/d/1S78Mw339STFxyfAZMEqbsjEe4WPAxCz_/view?usp=drivesdk"
"Resource Center/- Corporate_/TRAINING/5-POINT TRAINING (ONBOARDED)/5 Point Training/ACA U65/ACA U65 PLAN DESIGN ANOTOMY_APTC~CSR","HPN 3 DD5PT_PY2024_ANATOMY.pdf","1piOgn1p9mSg-Y86GkZAeTnMvj4Gn5_XT","application/pdf","https://drive.google.com/file/d/1piOgn1p9mSg-Y86GkZAeTnMvj4Gn5_XT/view?usp=drivesdk"
"Resource Center/- Corporate_/TRAINING/5-POINT TRAINING (ONBOARDED)/5 Point Training/ACA U65/ACA U65 PLAN DESIGN ANOTOMY_APTC~CSR","HPN 2 DD5PT_PY2024_ANATOMY.pdf","1Q11V97qAMk-c3Ng694WFr0kl3cmtYrXI","application/pdf","https://drive.google.com/file/d/1Q11V97qAMk-c3Ng694WFr0kl3cmtYrXI/view?usp=drivesdk"
"Resource Center/- Corporate_/TRAINING/5-POINT TRAINING (ONBOARDED)/5 Point Training/ACA U65/ACA U65 PLAN DESIGN ANOTOMY_APTC~CSR","HPN 1 DD5PT_PY2024_ANATOMY.pdf","1kzDUkQLshmf6D6iiXWIlTZEWbIvDzs1w","application/pdf","https://drive.google.com/file/d/1kzDUkQLshmf6D6iiXWIlTZEWbIvDzs1w/view?usp=drivesdk"
"Resource Center/- Corporate_/TRAINING/5-POINT TRAINING (ONBOARDED)/5 Point Training/ACA U65/ACA U65 PLAN DESIGN ANOTOMY_APTC~CSR","ANTHEM 5 DD5PT_PY2024_ANATOMY.pdf","13hw8vAerTALroGyatkwYbrUj_hfGw8PF","application/pdf","https://drive.google.com/file/d/13hw8vAerTALroGyatkwYbrUj_hfGw8PF/view?usp=drivesdk"
"Resource Center/- Corporate_/TRAINING/5-POINT TRAINING (ONBOARDED)/5 Point Training/ACA U65/ACA U65 PLAN DESIGN ANOTOMY_APTC~CSR","ANTHEM 4 DD5PT_PY2024_ANATOMY.pdf","1t5lRfKNO6a4xvg2uceR5R-t--HbOFQjW","application/pdf","https://drive.google.com/file/d/1t5lRfKNO6a4xvg2uceR5R-t--HbOFQjW/view?usp=drivesdk"
"Resource Center/- Corporate_/TRAINING/5-POINT TRAINING (ONBOARDED)/5 Point Training/ACA U65/ACA U65 PLAN DESIGN ANOTOMY_APTC~CSR","ANTHEM 3 DD5PT_PY2024_ANATOMY.pdf","1rtMpnVBS1MViv7ATJWAiz7lWYfTnf5nW","application/pdf","https://drive.google.com/file/d/1rtMpnVBS1MViv7ATJWAiz7lWYfTnf5nW/view?usp=drivesdk"
"Resource Center/- Corporate_/TRAINING/5-POINT TRAINING (ONBOARDED)/5 Point Training/ACA U65/ACA U65 PLAN DESIGN ANOTOMY_APTC~CSR","ANTHEM 2 DD5PT_PY2024_ANATOMY.pdf","1Zvs1HRYqvQBLk8_0H5H9ZSg6fV494_tj","application/pdf","https://drive.google.com/file/d/1Zvs1HRYqvQBLk8_0H5H9ZSg6fV494_tj/view?usp=drivesdk"
"Resource Center/- Corporate_/TRAINING/5-POINT TRAINING (ONBOARDED)/5 Point Training/ACA U65/ACA U65 PLAN DESIGN ANOTOMY_APTC~CSR","ANTHEM 1 DD5PT_PY2024_ANATOMY.pdf","13wiXZcEt5ptspnxjscdd1RMubmUhq8Tf","application/pdf","https://drive.google.com/file/d/13wiXZcEt5ptspnxjscdd1RMubmUhq8Tf/view?usp=drivesdk"
"Resource Center/- Corporate_/TRAINING/5-POINT TRAINING (ONBOARDED)/Tools & Giveouts","QUOTE TEMPLATE E-MAIL.pdf","1m-PT8r_58_hgOv3AOij4YhT7mntDo5LW","application/pdf","https://drive.google.com/file/d/1m-PT8r_58_hgOv3AOij4YhT7mntDo5LW/view?usp=drivesdk"
"Resource Center/- Corporate_/TRAINING/5-POINT TRAINING (ONBOARDED)/Tools & Giveouts","PH INTAKE FORM.pdf","145hm2umoNqJTtXht6bePl3L06DUQXFzq","application/pdf","https://drive.google.com/file/d/145hm2umoNqJTtXht6bePl3L06DUQXFzq/view?usp=drivesdk"
"Resource Center/- Corporate_/TRAINING/5-POINT TRAINING (ONBOARDED)/Tools & Giveouts","NVHL & IMMIGRANT STATUSES _DACA, VOID_.pdf","1UegRSeV2DUk5Q2UZNpjRES1pY7kOphHU","application/pdf","https://drive.google.com/file/d/1UegRSeV2DUk5Q2UZNpjRES1pY7kOphHU/view?usp=drivesdk"
"Resource Center/- Corporate_/TRAINING/5-POINT TRAINING (ONBOARDED)/Tools & Giveouts","DR & RX GRID.xlsx","1ILopeeM_miJJYTatBdvlWucSqNc83gLz","application/vnd.openxmlformats-officedocument.spreadsheetml.sheet","https://docs.google.com/spreadsheets/d/1ILopeeM_miJJYTatBdvlWucSqNc83gLz/edit?usp=drivesdk&ouid=101956724998028410123&rtpof=true&sd=true"
"Resource Center/- Corporate_/TRAINING/5-POINT TRAINING (ONBOARDED)/Tools & Giveouts/PY2025","NVHL PY25 On-X CLARK CO Product Grid.xlsx","1SoLEm_opOARdf_DT4clNqVv7gYQ7rGnf","application/vnd.openxmlformats-officedocument.spreadsheetml.sheet","https://docs.google.com/spreadsheets/d/1SoLEm_opOARdf_DT4clNqVv7gYQ7rGnf/edit?usp=drivesdk&ouid=101956724998028410123&rtpof=true&sd=true"
"Resource Center/- Corporate_/TRAINING/5-POINT TRAINING (ONBOARDED)/Tools & Giveouts/PY2025","NVHL Policy Manual FINAL AUG 2025.pdf","1Iwai6Rc1w0Ch0T5hQJUFF1lMgu8a1DJb","application/pdf","https://drive.google.com/file/d/1Iwai6Rc1w0Ch0T5hQJUFF1lMgu8a1DJb/view?usp=drivesdk"
"Resource Center/- Corporate_/TRAINING/5-POINT TRAINING (ONBOARDED)/Tools & Giveouts/PY2025","HELPFUL LINKS TO RESOURCES.pdf","1AgXnYBs89BkG_PGXRDxRGM8C_5MSuVFs","application/pdf","https://drive.google.com/file/d/1AgXnYBs89BkG_PGXRDxRGM8C_5MSuVFs/view?usp=drivesdk"
"Resource Center/- Corporate_/TRAINING/5-POINT TRAINING (ONBOARDED)/OEP 2026 Readiness Content","SCOTUS ACAPress Release 06 27 2025.docx","1uK1TDkxQLGkWZNlJKaL3KeRwejbWnDVG","application/vnd.openxmlformats-officedocument.wordprocessingml.document","https://docs.google.com/document/d/1uK1TDkxQLGkWZNlJKaL3KeRwejbWnDVG/edit?usp=drivesdk&ouid=101956724998028410123&rtpof=true&sd=true"
"Resource Center/- Corporate_/TRAINING/5-POINT TRAINING (ONBOARDED)/OEP 2026 Readiness Content","Preparedness for Gov_t Changes_.docx","15YPPcdlEtuCgTMTK5MxplidydKrksUp7","application/vnd.openxmlformats-officedocument.wordprocessingml.document","https://docs.google.com/document/d/15YPPcdlEtuCgTMTK5MxplidydKrksUp7/edit?usp=drivesdk&ouid=101956724998028410123&rtpof=true&sd=true"
"Resource Center/- Corporate_/TRAINING/5-POINT TRAINING (ONBOARDED)/OEP 2026 Readiness Content","NV OEP 2026 Agent Preparing_Ambetter Sourced Content.docx","1_JB4EbcYqunVsfjVYI1xY8H2buHr7yrX","application/vnd.openxmlformats-officedocument.wordprocessingml.document","https://docs.google.com/document/d/1_JB4EbcYqunVsfjVYI1xY8H2buHr7yrX/edit?usp=drivesdk&ouid=101956724998028410123&rtpof=true&sd=true"
"Resource Center/- Corporate_/TRAINING/5-POINT TRAINING (ONBOARDED)/OEP 2026 Readiness Content","Current Event ACA 2026 Premium Warning_.docx","1LZSfU5WynyPq7S7_dMzakpI88YK5SK4Z","application/vnd.openxmlformats-officedocument.wordprocessingml.document","https://docs.google.com/document/d/1LZSfU5WynyPq7S7_dMzakpI88YK5SK4Z/edit?usp=drivesdk&ouid=101956724998028410123&rtpof=true&sd=true"
"Resource Center/- Corporate_/TRAINING/5-POINT TRAINING (ONBOARDED)/OEP 2026 Readiness Content","ACA 2026 Subsidy Impact_.docx","1G8jTiS7kUkMMDlFEUGWseB_76e3ByGQo","application/vnd.openxmlformats-officedocument.wordprocessingml.document","https://docs.google.com/document/d/1G8jTiS7kUkMMDlFEUGWseB_76e3ByGQo/edit?usp=drivesdk&ouid=101956724998028410123&rtpof=true&sd=true"
"Resource Center/- Corporate_/TRAINING/5-POINT TRAINING (ONBOARDED)/OEP 2026 Readiness Content","2026 PREP_ACA+BBSP_Training Session_.docx","1DuzWibiY7Jj8WlrTVTvOdS2BiwJxdhkD","application/vnd.openxmlformats-officedocument.wordprocessingml.document","https://docs.google.com/document/d/1DuzWibiY7Jj8WlrTVTvOdS2BiwJxdhkD/edit?usp=drivesdk&ouid=101956724998028410123&rtpof=true&sd=true"
"Resource Center/- Corporate_/TRAINING/5-POINT TRAINING (ONBOARDED)/OEP 2026 Readiness Content","_NEW 08 21 2025_ NV 2026 OEP OBBBA Agent Guide.docx","1rkkL5pvkkI3FR_d5J-m3JvJ2T7Gd2Z1o","application/vnd.openxmlformats-officedocument.wordprocessingml.document","https://docs.google.com/document/d/1rkkL5pvkkI3FR_d5J-m3JvJ2T7Gd2Z1o/edit?usp=drivesdk&ouid=101956724998028410123&rtpof=true&sd=true"
"Resource Center/- Corporate_/TRAINING/5-POINT TRAINING (ONBOARDED)/OEP 2026 Readiness Content/NEW","UPDATE 2026 Marketplace Rule Advisory.pdf","1valrDSe3o6nAb8NbU0HmukxObK1fcdUh","application/pdf","https://drive.google.com/file/d/1valrDSe3o6nAb8NbU0HmukxObK1fcdUh/view?usp=drivesdk"
"Resource Center/- Corporate_/TRAINING/5-POINT TRAINING (ONBOARDED)/OEP 2026 Readiness Content/NEW","UPDATE 2026 Marketplace Rule Advisory.docx","1lta1gYzqDWlUwtN95nx0bI1CWcZqkynX","application/vnd.openxmlformats-officedocument.wordprocessingml.document","https://docs.google.com/document/d/1lta1gYzqDWlUwtN95nx0bI1CWcZqkynX/edit?usp=drivesdk&ouid=101956724998028410123&rtpof=true&sd=true"
"Resource Center/- Corporate_/TRAINING/5-POINT TRAINING (ONBOARDED)/OEP 2026 Readiness Content/NEW","NVHL Info Sharing with External Entities PY2026.pdf","1LozJ9PAjEeKr0rLbBEO3_pJ4hGmntX3_","application/pdf","https://drive.google.com/file/d/1LozJ9PAjEeKr0rLbBEO3_pJ4hGmntX3_/view?usp=drivesdk"
"Resource Center/- Corporate_/TRAINING/5-POINT TRAINING (ONBOARDED)/OEP 2026 Readiness Content/NEW","NVHL Info Sharing with External Entities PY2026.docx","1Bj_1a7isn2PgLP4WkfegBWMrXjN6jGv1","application/vnd.openxmlformats-officedocument.wordprocessingml.document","https://docs.google.com/document/d/1Bj_1a7isn2PgLP4WkfegBWMrXjN6jGv1/edit?usp=drivesdk&ouid=101956724998028410123&rtpof=true&sd=true"
"Resource Center/- Corporate_/TRAINING/5-POINT TRAINING (ONBOARDED)/OEP 2026 Readiness Content/NEW","NV 2026 Marketplace Rule Court Ruling Summary.pdf","1BjayWCoqrNtiQcdxVlEZ6FmNP9opjAZx","application/pdf","https://drive.google.com/file/d/1BjayWCoqrNtiQcdxVlEZ6FmNP9opjAZx/view?usp=drivesdk"
"Resource Center/- Corporate_/TRAINING/5-POINT TRAINING (ONBOARDED)/OEP 2026 Readiness Content/NEW","NV 2026 Marketplace Rule Court Ruling Summary.docx","16k8bKg6Mxzt7hrl08eQQF0Sm57eAwGZZ","application/vnd.openxmlformats-officedocument.wordprocessingml.document","https://docs.google.com/document/d/16k8bKg6Mxzt7hrl08eQQF0Sm57eAwGZZ/edit?usp=drivesdk&ouid=101956724998028410123&rtpof=true&sd=true"
"Resource Center/- Corporate_/TRAINING/5-POINT TRAINING (ONBOARDED)/OEP 2026 Readiness Content/NEW","KFF News Aug 28 2025 Paused by Judge.pdf","1E5RZmaDFCN9_xX2AdDerKT9dqgLXDtDO","application/pdf","https://drive.google.com/file/d/1E5RZmaDFCN9_xX2AdDerKT9dqgLXDtDO/view?usp=drivesdk"
"Resource Center/- Corporate_/TRAINING/5-POINT TRAINING (ONBOARDED)/OEP 2026 Readiness Content/NEW","KFF News Aug 28 2025 Paused by Judge.docx","1W0BhV2uWI4Zg9pY3-h1An0ofgMKzwcJz","application/vnd.openxmlformats-officedocument.wordprocessingml.document","https://docs.google.com/document/d/1W0BhV2uWI4Zg9pY3-h1An0ofgMKzwcJz/edit?usp=drivesdk&ouid=101956724998028410123&rtpof=true&sd=true"
"Resource Center/- Corporate_/TRAINING/5-POINT TRAINING (ONBOARDED)/OEP 2026 Readiness Content/NEW","BBSP per NVHL Cert Training PY2026.pdf","1gdqr1bqgciDdAYCXPd-nCeZzjHZz1L_7","application/pdf","https://drive.google.com/file/d/1gdqr1bqgciDdAYCXPd-nCeZzjHZz1L_7/view?usp=drivesdk"
"Resource Center/- Corporate_/TRAINING/5-POINT TRAINING (ONBOARDED)/OEP 2026 Readiness Content/NEW","BBSP per NVHL Cert Training PY2026.docx","1MTwEwzq4TDADkP1PpnoxwpmVl3QuLPuu","application/vnd.openxmlformats-officedocument.wordprocessingml.document","https://docs.google.com/document/d/1MTwEwzq4TDADkP1PpnoxwpmVl3QuLPuu/edit?usp=drivesdk&ouid=101956724998028410123&rtpof=true&sd=true"
"Resource Center/- Corporate_/Marketing","08_21_2025 Marketing Training - Lead Launcher Plan.mp4","1J8sc1ZIuyuqFdfV5PKc43DDD6pbtO_yM","video/mp4","https://drive.google.com/file/d/1J8sc1ZIuyuqFdfV5PKc43DDD6pbtO_yM/view?usp=drivesdk"
"Resource Center/- Corporate_/Marketing","08_07_2025 Marketing Training - Lead Launcher Plan_.mp4","18LXggd5IpP8yS-8AWWsj4roPPHM2Io5y","video/mp4","https://drive.google.com/file/d/18LXggd5IpP8yS-8AWWsj4roPPHM2Io5y/view?usp=drivesdk"
"Resource Center/- Corporate_/Marketing","07_31_2025 - Marketing Training - Lead Launcher Plan.mp4","1QufJ2UZ4JO8RaJEbumyK8Q5oMYJlbwpA","video/mp4","https://drive.google.com/file/d/1QufJ2UZ4JO8RaJEbumyK8Q5oMYJlbwpA/view?usp=drivesdk"
"Resource Center/- Corporate_/Marketing","07_24_2025 - Marketing Training - Lead Launcher Plan.mp4","17bdhNN-8Eu9ykkRhnrgIO5q9Cz74IlkQ","video/mp4","https://drive.google.com/file/d/17bdhNN-8Eu9ykkRhnrgIO5q9Cz74IlkQ/view?usp=drivesdk"
"Resource Center/- Corporate_/Marketing","07_24_2025 - Marketing Training - Lead Launcher Plan(1).mp4","15tgOz9JCY017T2itKpqORVEuzhMv_LvC","video/mp4","https://drive.google.com/file/d/15tgOz9JCY017T2itKpqORVEuzhMv_LvC/view?usp=drivesdk"
"Resource Center/- Corporate_/Marketing","07_24_2025 - Marketing Training - Lead Launcher Plan(2).mp4","12EwBTfPNQmTLV8d30q6bOcJbIhqwrMOC","video/mp4","https://drive.google.com/file/d/12EwBTfPNQmTLV8d30q6bOcJbIhqwrMOC/view?usp=drivesdk"
"Resource Center/- Corporate_/Marketing"," 07_17_2025 - Marketing Training - Lead Launcher Plan_.mp4","1virAYh_X3kxZGZrHfYKrfuUi0wx-ZVeQ","video/mp4","https://drive.google.com/file/d/1virAYh_X3kxZGZrHfYKrfuUi0wx-ZVeQ/view?usp=drivesdk"
"Resource Center/- Corporate_/Marketing","07_10_2025 - Marketing Training - Lead Launcher Plan_.mp4","1lXFDJEtWGFSrOxPw-MeEN50eSAGz_2NB","video/mp4","https://drive.google.com/file/d/1lXFDJEtWGFSrOxPw-MeEN50eSAGz_2NB/view?usp=drivesdk"
"Resource Center/- Corporate_/Marketing","07_03_2025 - Marketing Training - Lead Launcher Plan_.mp4","1Fibwo5H3QIWYU_Gu__RLjJ4TTa283VLP","video/mp4","https://drive.google.com/file/d/1Fibwo5H3QIWYU_Gu__RLjJ4TTa283VLP/view?usp=drivesdk"
"Resource Center/- Corporate_/Marketing","06_26_2025 - Marketing Training - Lead Launcher Plan_.mp4","1KwJk8KtQPyL5ayuRXFxf3KmsmRYm8mFB","video/mp4","https://drive.google.com/file/d/1KwJk8KtQPyL5ayuRXFxf3KmsmRYm8mFB/view?usp=drivesdk"
"Resource Center/- Corporate_/Marketing","08_14_2025 - Marketing Training - Growth Engine Plan_.mp4","1HlCymjJz-HydD21Kwa3vhibs7RmK4_o7","video/mp4","https://drive.google.com/file/d/1HlCymjJz-HydD21Kwa3vhibs7RmK4_o7/view?usp=drivesdk"
"Resource Center/- Corporate_/Marketing","07_03_2025 - Marketing Training - Growth Engine Plan_.mp4","10eGQ8sNYZFUwXGa7067GaRWS_IzrnOqg","video/mp4","https://drive.google.com/file/d/10eGQ8sNYZFUwXGa7067GaRWS_IzrnOqg/view?usp=drivesdk"
"Resource Center/- Corporate_/Marketing","06_26_2025 - Marketing Training - Growth Engine Plan_.mp4","19TRvbc4vAS0m8eRMuPoJq_X1qeRm9K5f","video/mp4","https://drive.google.com/file/d/19TRvbc4vAS0m8eRMuPoJq_X1qeRm9K5f/view?usp=drivesdk"
"Resource Center/- Corporate_/Marketing","Marketing Plan Enrollment Form.pdf","12rR9vSwavT-EztCJi7w2pNCltbCuuuH2","application/pdf","https://drive.google.com/file/d/12rR9vSwavT-EztCJi7w2pNCltbCuuuH2/view?usp=drivesdk"
"Resource Center/Support & Training/Voluntary & Ancillary","Voluntary Benefits Sales Training.pdf","1g5Nd8yyOC35khrwRei0EJgYmbCPeoGvn","application/pdf","https://drive.google.com/file/d/1g5Nd8yyOC35khrwRei0EJgYmbCPeoGvn/view?usp=drivesdk"
"Resource Center/Support & Training/Voluntary & Ancillary","Voluntary Benefits Impact Analysis.pdf","1i4fYRF4X7d652MtZKd2i2bg3yWFR5Lt7","application/pdf","https://drive.google.com/file/d/1i4fYRF4X7d652MtZKd2i2bg3yWFR5Lt7/view?usp=drivesdk"
"Resource Center/Support & Training/Voluntary & Ancillary","Voluntary (Ancillary) Products Overview.pdf","1It4ifvPGzyPu3kP1trwwqe38Mx-Tzsl9","application/pdf","https://drive.google.com/file/d/1It4ifvPGzyPu3kP1trwwqe38Mx-Tzsl9/view?usp=drivesdk"
"Resource Center/Support & Training/Voluntary & Ancillary","Voluntary Benefits_ Positioning Through Value & Math.pdf","134HH9Z-yThIuKtw1JJ_dBYK5hwaQUP-d","application/pdf","https://drive.google.com/file/d/134HH9Z-yThIuKtw1JJ_dBYK5hwaQUP-d/view?usp=drivesdk"
"Resource Center/Support & Training/Voluntary & Ancillary","Voluntary (Ancillary) Insurance Products & GAP Coverage Overview.pdf","1XKCUuGzlO6YUQh8fGkoF93UUZvvmCuIc","application/pdf","https://drive.google.com/file/d/1XKCUuGzlO6YUQh8fGkoF93UUZvvmCuIc/view?usp=drivesdk"
"Resource Center/Support & Training/Voluntary & Ancillary","Short-Term Medical Insurance Training.pdf","1_A3A7sRMChYb1HU9TWr8nhKPMdq7TrfK","application/pdf","https://drive.google.com/file/d/1_A3A7sRMChYb1HU9TWr8nhKPMdq7TrfK/view?usp=drivesdk"
"Resource Center/Support & Training/Voluntary & Ancillary","Indemnity Plans in the Individual Market.pdf","1sEpSl_Hg8GmtRWrsIdKDy3eeqTNwUI9n","application/pdf","https://drive.google.com/file/d/1sEpSl_Hg8GmtRWrsIdKDy3eeqTNwUI9n/view?usp=drivesdk"
"Resource Center/Support & Training/Voluntary & Ancillary","Recognizing Voluntary Cues.pdf","1kn_ZywmYMqt6J_FB3n4jknA43w-G3xC7","application/pdf","https://drive.google.com/file/d/1kn_ZywmYMqt6J_FB3n4jknA43w-G3xC7/view?usp=drivesdk"
"Resource Center/Support & Training/ACA","Proof of Income PNL For Self Employed.mp4","15X-BmUSrxIDrv3Cwi2_-6a0BajhD3JLH","video/mp4","https://drive.google.com/file/d/15X-BmUSrxIDrv3Cwi2_-6a0BajhD3JLH/view?usp=drivesdk"
"Resource Center/Support & Training/ACA","Ambetter _ PY26 OEP Carrier Visit - U65 ACA Market - 2025_10_16 10_26 PDT - Recording.mp4","1DScMYC7U2xjJF7Y54klMkcc4tb9I1uJy","video/mp4","https://drive.google.com/file/d/1DScMYC7U2xjJF7Y54klMkcc4tb9I1uJy/view?usp=drivesdk"
"Resource Center/Support & Training/ACA","NVHL Policy Manual FINAL AUG 2025.pdf","1SCrTPULRI3hYJOwAsBKC0kbCKllYNNmd","application/pdf","https://drive.google.com/file/d/1SCrTPULRI3hYJOwAsBKC0kbCKllYNNmd/view?usp=drivesdk"
"Resource Center/Support & Training/ACA","Current Event ACA 2026 Premium Warning.pdf","1FqwphGnlMwwamMqqBNopk9u6AEPaJMlb","application/pdf","https://drive.google.com/file/d/1FqwphGnlMwwamMqqBNopk9u6AEPaJMlb/view?usp=drivesdk"
"Resource Center/Support & Training/ACA","Clearwater vs LifeX Comparison.pdf","1oonI6WFqxCFny2yeLAzcsYfADLXouHV7","application/pdf","https://drive.google.com/file/d/1oonI6WFqxCFny2yeLAzcsYfADLXouHV7/view?usp=drivesdk"
"Resource Center/Support & Training/ACA","NV PPO Options Guide.pdf","191rzvY1Xr5vplOfZSWO_urfafszMcdnc","application/pdf","https://drive.google.com/file/d/191rzvY1Xr5vplOfZSWO_urfafszMcdnc/view?usp=drivesdk"
"Resource Center/Support & Training/ACA","Navigating Potential Coverage Impacts from the _One Big Beautiful Bill_.pdf","1x8WRR7ZOag205fN081uXAqwjftiOGdtR","application/pdf","https://drive.google.com/file/d/1x8WRR7ZOag205fN081uXAqwjftiOGdtR/view?usp=drivesdk"
"Resource Center/Support & Training/ACA","Preparing for Major ACA Changes & Nevada’s Public Option (BBSPs).pdf","1MNxOrRJs2ywS1Uch9gJTBufhg1Rp-ggP","application/pdf","https://drive.google.com/file/d/1MNxOrRJs2ywS1Uch9gJTBufhg1Rp-ggP/view?usp=drivesdk"
"Resource Center/Support & Training/ACA","Mathematical Logic in Plan Recommendations.pdf","1vsKVURTxVUcV8XHeFPh7QVEf0JnRrNG4","application/pdf","https://drive.google.com/file/d/1vsKVURTxVUcV8XHeFPh7QVEf0JnRrNG4/view?usp=drivesdk"
"Resource Center/Support & Training/ACA","Utilizing the Nevada Health Link Policy Manual (Version 6 – 2025).pdf","1AOvbN5MyWEH2de4i8GWT7CkXuZW51YvN","application/pdf","https://drive.google.com/file/d/1AOvbN5MyWEH2de4i8GWT7CkXuZW51YvN/view?usp=drivesdk"
"Resource Center/Support & Training/ACA","A Consumer-Focused Guide of Compliance _ ACA, Nevada Healthlink, & the IRS.pdf","1qZYTk_BfE6y4INxwXbgzsIx-xIQp13_B","application/pdf","https://drive.google.com/file/d/1qZYTk_BfE6y4INxwXbgzsIx-xIQp13_B/view?usp=drivesdk"
"Resource Center/Support & Training/ACA","Nevada Health Link Daily Book of Business Notice Summary.pdf","1amP2AGBLhAEQbWSMBTfPM9duoQI2k1hZ","application/pdf","https://drive.google.com/file/d/1amP2AGBLhAEQbWSMBTfPM9duoQI2k1hZ/view?usp=drivesdk"
"Resource Center/Support & Training/ACA","Broker_Agent – Consumer Conversation Guide.pdf","1KRPjKIQTalXD4fvdDbL92S53v3EmTync","application/pdf","https://drive.google.com/file/d/1KRPjKIQTalXD4fvdDbL92S53v3EmTync/view?usp=drivesdk"
"Resource Center/Support & Training/Life Insurance & Related_","Understanding the Life Insurance Market_ Industry Trends, Product Evolution, & Strategic Conversations.pdf","1Hoa6Hri471qOWTVHO02y7AWg8v-3nGc6","application/pdf","https://drive.google.com/file/d/1Hoa6Hri471qOWTVHO02y7AWg8v-3nGc6/view?usp=drivesdk"
"Resource Center/Support & Training/Life Insurance & Related_","Creating Life Insurance Opportunities with Strategy and Sophistication.pdf","18TjtHwkv6eOve-0B3JQoStkMfhrnWXnl","application/pdf","https://drive.google.com/file/d/18TjtHwkv6eOve-0B3JQoStkMfhrnWXnl/view?usp=drivesdk"
"Resource Center/Support & Training/Life Insurance & Related_","Life Insurance Market Training.pdf","1w3pP5S0Pv_EAyOky4RG-dsfDrn4cXRYh","application/pdf","https://drive.google.com/file/d/1w3pP5S0Pv_EAyOky4RG-dsfDrn4cXRYh/view?usp=drivesdk"
"Resource Center/Support & Training/Life Insurance & Related_","Prospecting Life Insurance_ Strategy-First, Anti-Sales Approach.pdf","1sjwQdWGOEuaPtQVBLetc9HnocyQd_hCi","application/pdf","https://drive.google.com/file/d/1sjwQdWGOEuaPtQVBLetc9HnocyQd_hCi/view?usp=drivesdk"
"Resource Center/Support & Training/Life Insurance & Related_","Handling Life Insurance Objections with Empathy, Strategy, and Clarity.pdf","1KzPeI5X6KVlkEw8sAL4obK3rzaUrKRxU","application/pdf","https://drive.google.com/file/d/1KzPeI5X6KVlkEw8sAL4obK3rzaUrKRxU/view?usp=drivesdk"
"Resource Center/Support & Training/Life Insurance & Related_","Life Insurance Types - Part 3.pdf","1XwWLWkXOt8CfS_-DIoxpfpySiFpKj1MG","application/pdf","https://drive.google.com/file/d/1XwWLWkXOt8CfS_-DIoxpfpySiFpKj1MG/view?usp=drivesdk"
"Resource Center/Support & Training/Life Insurance & Related_","Life Insurance Types - Part 2.pdf","1-MdXDDx96BhgmzteLPKCbNi_Cw5HunHs","application/pdf","https://drive.google.com/file/d/1-MdXDDx96BhgmzteLPKCbNi_Cw5HunHs/view?usp=drivesdk"
"Resource Center/Support & Training/Life Insurance & Related_","Life Insurance Types - Part 1.pdf","1XqlrxE5ycnucaKW5pjMDIidBGQAGx0Jd","application/pdf","https://drive.google.com/file/d/1XqlrxE5ycnucaKW5pjMDIidBGQAGx0Jd/view?usp=drivesdk"
"Resource Center/Support & Training/Life Insurance & Related_","Broker Workbook.pdf","1hZL58YxpGPq_FSqDRr-1IxlqIBjVqpGL","application/pdf","https://drive.google.com/file/d/1hZL58YxpGPq_FSqDRr-1IxlqIBjVqpGL/view?usp=drivesdk"
"Resource Center/Support & Training/Life Insurance & Related_","Factfinder.pdf","1QLCmHI3o2elbRMrYcrYxxdsv0qDSP3ph","application/pdf","https://drive.google.com/file/d/1QLCmHI3o2elbRMrYcrYxxdsv0qDSP3ph/view?usp=drivesdk"
"Resource Center/Support & Training/Life Insurance & Related_","Intro to Life Insurance.pdf","12VGCoYniFI_0OLymFzd27cLEufSweGVt","application/pdf","https://drive.google.com/file/d/12VGCoYniFI_0OLymFzd27cLEufSweGVt/view?usp=drivesdk"
"Resource Center/Support & Training/SEG","FullyInsured_vs_LevelFunded.pdf","1fvub5b7IBMfK-n-kRupCLydbHay7PXue","application/pdf","https://drive.google.com/file/d/1fvub5b7IBMfK-n-kRupCLydbHay7PXue/view?usp=drivesdk"
"Resource Center/Support & Training/SEG","Small Employer Health Insurance Compliance Training.pdf","1EQbkEV15gxzPcO4WvWho0EA_jcE55Rbc","application/pdf","https://drive.google.com/file/d/1EQbkEV15gxzPcO4WvWho0EA_jcE55Rbc/view?usp=drivesdk"
"Resource Center/Support & Training/SEG","Small Employer Group (SEG)_ Lines of Business Overview.pdf","1Tq1ycoPO-EqP4IwamObRoOI6G6Kny3bc","application/pdf","https://drive.google.com/file/d/1Tq1ycoPO-EqP4IwamObRoOI6G6Kny3bc/view?usp=drivesdk"
"Resource Center/Support & Training/SEG/SelectHealth","SelectHealth 2025 Presentation.pdf","12ISMCcGf3rw1R8zAdocwQX6qkeswYp4D","application/pdf","https://drive.google.com/file/d/12ISMCcGf3rw1R8zAdocwQX6qkeswYp4D/view?usp=drivesdk"
"Resource Center/Support & Training/SEG/SelectHealth","SelectHealth_ Small Employer Quoting.pdf","1frghPM4Uj-6YstYMVyQfdWBMWtH-fvjc","application/pdf","https://drive.google.com/file/d/1frghPM4Uj-6YstYMVyQfdWBMWtH-fvjc/view?usp=drivesdk"
"Resource Center/Support & Training/SEG/Optimyl","Optimyl - Sample Proposal_Platinum Bank(NV).pdf","1GVe0lNxHj1MW6KcYie-yiA5lICEJK4en","application/pdf","https://drive.google.com/file/d/1GVe0lNxHj1MW6KcYie-yiA5lICEJK4en/view?usp=drivesdk"
"Resource Center/Support & Training/SEG/Optimyl","Optimyl Broker Guide.pdf","1D2dSXFcmE9PMI0_uRmob4cg_lURke1ir","application/pdf","https://drive.google.com/file/d/1D2dSXFcmE9PMI0_uRmob4cg_lURke1ir/view?usp=drivesdk"
"Resource Center/Support & Training/SEG/Optimyl","Optimyl Brochure 2025.pdf","1jNShDO_eda7cnkEJwN21q0rHtYFW28EA","application/pdf","https://drive.google.com/file/d/1jNShDO_eda7cnkEJwN21q0rHtYFW28EA/view?usp=drivesdk"
"Resource Center/Support & Training/SEG/Optimyl","ClearPay Flyer.pdf","1DN3uNbfx3EvIJyqeyjSc3ZcZsdGQy-DR","application/pdf","https://drive.google.com/file/d/1DN3uNbfx3EvIJyqeyjSc3ZcZsdGQy-DR/view?usp=drivesdk"
"Resource Center/Support & Training/SEG/Optimyl","Captives vs Experience Refund Riders.pdf","1GAej16-7ZROMrFLQnqUIjeaSwom9Lzm_","application/pdf","https://drive.google.com/file/d/1GAej16-7ZROMrFLQnqUIjeaSwom9Lzm_/view?usp=drivesdk"
"Resource Center/Support & Training/SEG/Optimyl","Optimyl Carrier Comparison Guide.pdf","1NPPpzsSKwkRc_wKIaxxXhg53rn7nq7YV","application/pdf","https://drive.google.com/file/d/1NPPpzsSKwkRc_wKIaxxXhg53rn7nq7YV/view?usp=drivesdk"
"Resource Center/Support & Training/SEG/HPN","UHC_ HCC AHP FAQ Services Brochure.pdf","1rS0kiBK56EuWklOnR1FYa0uNX7pTq6hX","application/pdf","https://drive.google.com/file/d/1rS0kiBK56EuWklOnR1FYa0uNX7pTq6hX/view?usp=drivesdk"
"Resource Center/Support & Training/SEG/HPN","UHC_ HCC AHP FAQ Retail Brochure.pdf","1Z9MSwlkUnDFVuEMEz86hPtE0HQTWOM01","application/pdf","https://drive.google.com/file/d/1Z9MSwlkUnDFVuEMEz86hPtE0HQTWOM01/view?usp=drivesdk"
"Resource Center/Support & Training/SEG/HPN","UHC_ HCC AHP FAQ Manufacturing Brochure.pdf","1zxk73Hwbhp-2fTW8RfpL6uztcgf2hbGf","application/pdf","https://drive.google.com/file/d/1zxk73Hwbhp-2fTW8RfpL6uztcgf2hbGf/view?usp=drivesdk"
"Resource Center/Support & Training/SEG/HPN","UHC_ HCC AHP Construction Brochure.pdf","1stUJMYK0bOEWeV-fMRbCxfN1YG6E3d5g","application/pdf","https://drive.google.com/file/d/1stUJMYK0bOEWeV-fMRbCxfN1YG6E3d5g/view?usp=drivesdk"
"Resource Center/Support & Training/SEG/HPN","UHC_ HCC AHP FAQ Services Flyer.pdf","1ap3QOADrmQooyhVt3jtnDjnxp4klWb7X","application/pdf","https://drive.google.com/file/d/1ap3QOADrmQooyhVt3jtnDjnxp4klWb7X/view?usp=drivesdk"
"Resource Center/Support & Training/SEG/HPN","UHC_ 2025 Small Business Portfolio_.pdf","16ChulCIXvIc0OIquiMbeCZ0dQRbiXXXE","application/pdf","https://drive.google.com/file/d/16ChulCIXvIc0OIquiMbeCZ0dQRbiXXXE/view?usp=drivesdk"
"Resource Center/Support & Training/SEG/HPN","UHC_ HCC AHP FAQ Construction Flyer.pdf","1uhk8jaoP4F4A6C084HqCa19TJfjTwCAr","application/pdf","https://drive.google.com/file/d/1uhk8jaoP4F4A6C084HqCa19TJfjTwCAr/view?usp=drivesdk"
"Resource Center/Support & Training/SEG/HPN","UHC_ HCC AHP FAQ Retail Trade Flyer.pdf","134QZ3tjAH6QarGS6BpjzuCFdW67SYLzm","application/pdf","https://drive.google.com/file/d/134QZ3tjAH6QarGS6BpjzuCFdW67SYLzm/view?usp=drivesdk"
"Resource Center/Support & Training/SEG/HPN","UHC_ REWARDS TOOLKIT_.pdf","1MWSygeomhdQwqlj_MLNpch3THDs6KvxF","application/pdf","https://drive.google.com/file/d/1MWSygeomhdQwqlj_MLNpch3THDs6KvxF/view?usp=drivesdk"
"Resource Center/Support & Training/SEG/HPN","UHC_ HCC AHP FAQ Manufacturing Flyer.pdf","1Epuda9OvKqkgU-wHLqyb8WSOn3i0-o39","application/pdf","https://drive.google.com/file/d/1Epuda9OvKqkgU-wHLqyb8WSOn3i0-o39/view?usp=drivesdk"
"Resource Center/Support & Training/SEG/HPN","HPN 2025 Small Business Portfolio.pdf","1HalMG9WRqJ_-5q69Zz-_7AMyEPRFYsj_","application/pdf","https://drive.google.com/file/d/1HalMG9WRqJ_-5q69Zz-_7AMyEPRFYsj_/view?usp=drivesdk"
"Resource Center/Support & Training/SEG/HPN","SHL 2025 Small Business_ EPO Design.pdf","18q3EInONsZhnRSPxainmUU0cW4rZ-foZ","application/pdf","https://drive.google.com/file/d/18q3EInONsZhnRSPxainmUU0cW4rZ-foZ/view?usp=drivesdk"
"Resource Center/Support & Training/SEG/HPN","UHC_ Real Appeal.pdf","1fsJq7ve4P8X3ro9xIdGk82S1L-g499S7","application/pdf","https://drive.google.com/file/d/1fsJq7ve4P8X3ro9xIdGk82S1L-g499S7/view?usp=drivesdk"
"Resource Center/Support & Training/SEG/HPN","Care Cash Flyer.pdf","1nPNU7vufi4XmNWA_DSXDim5QogQ9bHrj","application/pdf","https://drive.google.com/file/d/1nPNU7vufi4XmNWA_DSXDim5QogQ9bHrj/view?usp=drivesdk"
"Resource Center/Support & Training/SEG/HPN","How to use Care Cash_.pdf","1rw5Vre-xtSobacRHQv-zWNBrHETGrU0J","application/pdf","https://drive.google.com/file/d/1rw5Vre-xtSobacRHQv-zWNBrHETGrU0J/view?usp=drivesdk"
"Resource Center/Support & Training/SEG/HPN","2025 SHL One Pass.pdf","1aNK2x8xMD9tBGu-flzWNVhbLMqKAL9zc","application/pdf","https://drive.google.com/file/d/1aNK2x8xMD9tBGu-flzWNVhbLMqKAL9zc/view?usp=drivesdk"
"Resource Center/Support & Training/SEG/HPN","- HPN 2025 PRESENTATION.pdf","1BjnlahNUVBh0CiqtglirlKuDKnyttxTv","application/pdf","https://drive.google.com/file/d/1BjnlahNUVBh0CiqtglirlKuDKnyttxTv/view?usp=drivesdk"
"Resource Center/Support & Training/SEG/BASE","BASE Presentation_.pdf","1MgZNZ6WoKjUhYihIssrirfr6b1fy5B80","application/pdf","https://drive.google.com/file/d/1MgZNZ6WoKjUhYihIssrirfr6b1fy5B80/view?usp=drivesdk"
"Resource Center/Support & Training/SEG/Anthem","Anthem 2025 Presentation.pdf","1BRatYBPZ2lIZtO25bG4-tw9CuwB2qVf5","application/pdf","https://drive.google.com/file/d/1BRatYBPZ2lIZtO25bG4-tw9CuwB2qVf5/view?usp=drivesdk"
"Resource Center/Support & Training/SEG/Anthem","Anthem SEG Cheatsheet.pdf","1_uJrqbi9jF8gWjK641Wv3bvC82vKb0PE","application/pdf","https://drive.google.com/file/d/1_uJrqbi9jF8gWjK641Wv3bvC82vKb0PE/view?usp=drivesdk"
"Resource Center/Support & Training/SEG/APL","APL 2025 Presentation.ppsx","1aB3zV95ptRGchbY1nqIoXVk69pGV9TAE","application/vnd.openxmlformats-officedocument.presentationml.presentation","https://docs.google.com/presentation/d/1aB3zV95ptRGchbY1nqIoXVk69pGV9TAE/edit?usp=drivesdk&ouid=101956724998028410123&rtpof=true&sd=true"
"Resource Center/Directory/Life Insurance & Related_","Policy Review Script for Hot-Warm Leads.pdf","14lebhEqvf_AGp4gr16C9zM4Y50HZnpiu","application/pdf","https://drive.google.com/file/d/14lebhEqvf_AGp4gr16C9zM4Y50HZnpiu/view?usp=drivesdk"
"Resource Center/Directory/Life Insurance & Related_","Policy Review Script for Current Clients.pdf","1VIwNaR5XEQJQdbITOXmkyWa0HyRSzXdK","application/pdf","https://drive.google.com/file/d/1VIwNaR5XEQJQdbITOXmkyWa0HyRSzXdK/view?usp=drivesdk"
"Resource Center/Directory/Life Insurance & Related_","Policy Review Script for Cold Calls.pdf","1nvHoAPj_jWLf5DKO6VxAWtko63L_nO70","application/pdf","https://drive.google.com/file/d/1nvHoAPj_jWLf5DKO6VxAWtko63L_nO70/view?usp=drivesdk"
"Resource Center/Directory/Life Insurance & Related_","Getting Started - What Company do I Use.pdf","1e4rmQuicC5iWuuizja84GuO6CgJcHGBM","application/pdf","https://drive.google.com/file/d/1e4rmQuicC5iWuuizja84GuO6CgJcHGBM/view?usp=drivesdk"
"Resource Center/Directory/Life Insurance & Related_","Final Expense - Cold Script - Lead Based.pdf","15Z4HoGw_YSS2eHw0oRvToxjQfNjt4Z4c","application/pdf","https://drive.google.com/file/d/15Z4HoGw_YSS2eHw0oRvToxjQfNjt4Z4c/view?usp=drivesdk"
"Resource Center/Directory/Life Insurance & Related_","Appointment Info Request Form for Life Insurance.pdf","1DLvHN5qWsOBEIEta7gUNH9rL-abrUsie","application/pdf","https://drive.google.com/file/d/1DLvHN5qWsOBEIEta7gUNH9rL-abrUsie/view?usp=drivesdk"
"Resource Center/Directory/Life Insurance & Related_","Money Matrix Grid.pdf","1wBH1YPdkjkut5AScYHp4SwYXHSl8tmjx","application/pdf","https://drive.google.com/file/d/1wBH1YPdkjkut5AScYHp4SwYXHSl8tmjx/view?usp=drivesdk"
"Resource Center/Directory/Life Insurance & Related_","Carrier Rates.xlsx","11ozP5j_oXdFVR7QCqmQpTYw1XejRLfn1","application/vnd.openxmlformats-officedocument.spreadsheetml.sheet","https://docs.google.com/spreadsheets/d/11ozP5j_oXdFVR7QCqmQpTYw1XejRLfn1/edit?usp=drivesdk&ouid=101956724998028410123&rtpof=true&sd=true"
"Resource Center/Directory/Life Insurance & Related_","Maxout Brokerage - DI RFP_.pdf","1F0sVZqCBqCoIp0TapjVNSfd7_9EZzSGO","application/pdf","https://drive.google.com/file/d/1F0sVZqCBqCoIp0TapjVNSfd7_9EZzSGO/view?usp=drivesdk"
"Resource Center/Directory/Life Insurance & Related_","_TRAINING_ Life Insurance (and Related Products) - 2025_06_09 12_52 PDT - Notes by Gemini.docx","1iiD8TrhUOjXHbn4UgKSptI6YvqrGDOCv","application/vnd.openxmlformats-officedocument.wordprocessingml.document","https://docs.google.com/document/d/1iiD8TrhUOjXHbn4UgKSptI6YvqrGDOCv/edit?usp=drivesdk&ouid=101956724998028410123&rtpof=true&sd=true"
"Resource Center/Directory/Life Insurance & Related_","_TRAINING_ Life Insurance (and Related Products) - 2025_06_02 12_38 PDT - Notes by Gemini.docx","1qMjVqsL1lVmyRN8B6oRhav-5rLdmL-Pm","application/vnd.openxmlformats-officedocument.wordprocessingml.document","https://docs.google.com/document/d/1qMjVqsL1lVmyRN8B6oRhav-5rLdmL-Pm/edit?usp=drivesdk&ouid=101956724998028410123&rtpof=true&sd=true"
"Resource Center/Directory/Life Insurance & Related_","_TRAINING_ Life Insurance (and Related Products) - 2025_05_12 12_27 PDT - Notes by Gemini.docx","1qLSkx_F6oQ66IR9ivcsYHqtcleyD0iyK","application/vnd.openxmlformats-officedocument.wordprocessingml.document","https://docs.google.com/document/d/1qLSkx_F6oQ66IR9ivcsYHqtcleyD0iyK/edit?usp=drivesdk&ouid=101956724998028410123&rtpof=true&sd=true"
"Resource Center/Directory/Life Insurance & Related_","_TRAINING_ Life Insurance (and Related Products) - 2025_05_12 12_27 PDT - Chat.txt","1I_jO5_Mo45qHHB9fwl2TkQwKhWW8b47u","text/plain","https://drive.google.com/file/d/1I_jO5_Mo45qHHB9fwl2TkQwKhWW8b47u/view?usp=drivesdk"
"Resource Center/Directory/Life Insurance & Related_","_TRAINING_ Life Insurance (and Related Products) - 2025_05_12 12_27 PDT - Recording.mp4","1WBB1rKD04Eu0e6vkwpHjG5GtUChaZmgO","video/mp4","https://drive.google.com/file/d/1WBB1rKD04Eu0e6vkwpHjG5GtUChaZmgO/view?usp=drivesdk"
"Resource Center/Directory/Life Insurance & Related_","_TRAINING_ Life Insurance (and Related Products) - 2025_05_05 12_58 PDT - Notes by Gemini.docx","1tO-ve3gOFSuJtF_yd6UOBWrsIiWdm6P_","application/vnd.openxmlformats-officedocument.wordprocessingml.document","https://docs.google.com/document/d/1tO-ve3gOFSuJtF_yd6UOBWrsIiWdm6P_/edit?usp=drivesdk&ouid=101956724998028410123&rtpof=true&sd=true"
"Resource Center/Directory/Life Insurance & Related_","Life Language Scripts.pdf","1dWtQB7O5ivGHWg1vtroXJsiSp-BnFs3U","application/pdf","https://drive.google.com/file/d/1dWtQB7O5ivGHWg1vtroXJsiSp-BnFs3U/view?usp=drivesdk"
"Resource Center/Directory/Life Insurance & Related_","Cold Call Script.pdf","1boVotmwlh1oKdQYhD2o_9njRh4-dxXNj","application/pdf","https://drive.google.com/file/d/1boVotmwlh1oKdQYhD2o_9njRh4-dxXNj/view?usp=drivesdk"
"Resource Center/Directory/Life Insurance & Related_","Life Insurance 101 Presentation.pptx","1fJSQUhbg30X4ptkhVMPf4VXFXuZW6j1e","application/vnd.openxmlformats-officedocument.presentationml.presentation","https://docs.google.com/presentation/d/1fJSQUhbg30X4ptkhVMPf4VXFXuZW6j1e/edit?usp=drivesdk&ouid=101956724998028410123&rtpof=true&sd=true"
"Resource Center/Directory/Life Insurance & Related_/One America","2024 Academy - Comparisons (Life Guarantees).pdf","1aXHAbgHqlqDjUapuAXIuzSQPKa3kjhCx","application/pdf","https://drive.google.com/file/d/1aXHAbgHqlqDjUapuAXIuzSQPKa3kjhCx/view?usp=drivesdk"
"Resource Center/Directory/Life Insurance & Related_/One America","Why WL with OA - THG.pdf","1QuxygMxz-Vwm2PrXMBN5BLRN_sSbQt9H","application/pdf","https://drive.google.com/file/d/1QuxygMxz-Vwm2PrXMBN5BLRN_sSbQt9H/view?usp=drivesdk"
"Resource Center/Directory/Suppemental & Ancillary/New Era_","GAP 2026 Final One-Page Flyer.pdf","1q0GIHcKElzsb2V1uX04GPDpluHw3_b5g","application/pdf","https://drive.google.com/file/d/1q0GIHcKElzsb2V1uX04GPDpluHw3_b5g/view?usp=drivesdk"
"Resource Center/Directory/Suppemental & Ancillary/New Era_","GAP 2026 Final Bi-Fold Brochure.pdf","1I8BQ-iHMHIGLMWYcVgsEHa4uFxvNZWqS","application/pdf","https://drive.google.com/file/d/1I8BQ-iHMHIGLMWYcVgsEHa4uFxvNZWqS/view?usp=drivesdk"
"Resource Center/Directory/Suppemental & Ancillary/New Era_","PALIC - Rx Claim Form and Instructions.pdf","146bFJYH87jP8yP3oBK_OnOtep1avbeEq","application/pdf","https://drive.google.com/file/d/146bFJYH87jP8yP3oBK_OnOtep1avbeEq/view?usp=drivesdk"
"Resource Center/Directory/Suppemental & Ancillary/New Era_","PALIC - Hospital Indemnity Claim Form and Instructions.pdf","1HRNmwiObfV6zXxP8KXWlYHuRaa6ZsJJP","application/pdf","https://drive.google.com/file/d/1HRNmwiObfV6zXxP8KXWlYHuRaa6ZsJJP/view?usp=drivesdk"
"Resource Center/Directory/Suppemental & Ancillary/New Era_","PALIC - HIPAA Authorization Form.pdf","1Em4s8UNZZf3_JuqfwdZuHAsaL-HdVCnu","application/pdf","https://drive.google.com/file/d/1Em4s8UNZZf3_JuqfwdZuHAsaL-HdVCnu/view?usp=drivesdk"
"Resource Center/Directory/Suppemental & Ancillary/New Era_","PALIC - GAP Claim Form and Instructions.pdf","1RDfG23EdNJgatm1NLl5FBGt2l9gOu912","application/pdf","https://drive.google.com/file/d/1RDfG23EdNJgatm1NLl5FBGt2l9gOu912/view?usp=drivesdk"
"Resource Center/Directory/Suppemental & Ancillary/New Era_","PALIC - Critical Illness Rider-Policy Claim Form and Instructions.pdf","1yBtd4eF6dqyIVyxKqWX0PJ1oH6Cduerc","application/pdf","https://drive.google.com/file/d/1yBtd4eF6dqyIVyxKqWX0PJ1oH6Cduerc/view?usp=drivesdk"
"Resource Center/Directory/Suppemental & Ancillary/New Era_","PALIC - Accident Claim Form and Instructions.pdf","15nO7XhljNfU7Mc4uDoVfRG8vlGWd6dD-","application/pdf","https://drive.google.com/file/d/15nO7XhljNfU7Mc4uDoVfRG8vlGWd6dD-/view?usp=drivesdk"
"Resource Center/Directory/Suppemental & Ancillary/New Era_","GAP Claim Kit.pdf","1fA0ioDMDjok7evVcobcyUFFF9dL9Frzg","application/pdf","https://drive.google.com/file/d/1fA0ioDMDjok7evVcobcyUFFF9dL9Frzg/view?usp=drivesdk"
"Resource Center/Directory/Suppemental & Ancillary/New Era_","GAP Outline of Coverage.pdf","12wTpm4TxFUKTCjqvfX2HQbUHM4mhR4_F","application/pdf","https://drive.google.com/file/d/12wTpm4TxFUKTCjqvfX2HQbUHM4mhR4_F/view?usp=drivesdk"
"Resource Center/Directory/Suppemental & Ancillary/UHOne","UHOne Product Training.pdf","1Ab-L09KvmaHLrQ85t0RBfByO1-EWBlul","application/pdf","https://drive.google.com/file/d/1Ab-L09KvmaHLrQ85t0RBfByO1-EWBlul/view?usp=drivesdk"
"Resource Center/Directory/Dental & Vision/NCD","NCD Agent Training.pdf","1WvH8b2fG24PCZFojpUZvbt77gpz3VOL_","application/pdf","https://drive.google.com/file/d/1WvH8b2fG24PCZFojpUZvbt77gpz3VOL_/view?usp=drivesdk"
"Resource Center/Directory/Dental & Vision/NCD","NCD Portal Enhancements.mp4","1NBy1Kvt2eQhff5xOyReO_zrgnxuby8V2","video/mp4","https://drive.google.com/file/d/1NBy1Kvt2eQhff5xOyReO_zrgnxuby8V2/view?usp=drivesdk"
"Resource Center/Directory/Dental & Vision/NCD/Vision","VSP Preferred Vision OVERVIEW.pdf","1GvCbR2C0pvdKFoSpF_NvQllzk7g0YBfS","application/pdf","https://drive.google.com/file/d/1GvCbR2C0pvdKFoSpF_NvQllzk7g0YBfS/view?usp=drivesdk"
"Resource Center/Directory/Dental & Vision/NCD/Vision","VSP Preferred Plan Benefits Brochure.pdf","1LNma1dPAUe3ed_sODmRFwBCJgoLoGJje","application/pdf","https://drive.google.com/file/d/1LNma1dPAUe3ed_sODmRFwBCJgoLoGJje/view?usp=drivesdk"
"Resource Center/Directory/Dental & Vision/NCD/Dental","NCD by MetLife - All Plans - BRIGHT.pdf","15VDskxRYznV1VmMuKffderK7x8nsQ8SG","application/pdf","https://drive.google.com/file/d/15VDskxRYznV1VmMuKffderK7x8nsQ8SG/view?usp=drivesdk"
"Resource Center/Directory/Dental & Vision/NCD/Dental","NCD by MetLife - All Plans - CORE.pdf","1_yqUORK5vlQoXbmwKbwejUrsCEikFvIW","application/pdf","https://drive.google.com/file/d/1_yqUORK5vlQoXbmwKbwejUrsCEikFvIW/view?usp=drivesdk"
"Resource Center/Directory/Dental & Vision/NCD/Dental","NCD by MetLife - All Plans - ELITE.pdf","1oWiN8RP35TPzcxWO5HkOedbLG6lEoBBs","application/pdf","https://drive.google.com/file/d/1oWiN8RP35TPzcxWO5HkOedbLG6lEoBBs/view?usp=drivesdk"
"Resource Center/Directory/Dental & Vision/NCD/Dental","NCD by MetLife - ALL PLANS OVERVIEW.pdf","1vjW6cvDS9ZY9cd7ixd-Up9ykkUtd9yOc","application/pdf","https://drive.google.com/file/d/1vjW6cvDS9ZY9cd7ixd-Up9ykkUtd9yOc/view?usp=drivesdk"
"Resource Center/Directory/Dental & Vision/NCD/Dental","NCD Dental Sales Playbook - June 2025.pdf","1PA9jqwKWtn4MlZacTh5cbo_HJTu8lgnA","application/pdf","https://drive.google.com/file/d/1PA9jqwKWtn4MlZacTh5cbo_HJTu8lgnA/view?usp=drivesdk"
"Resource Center/Directory/Dental & Vision/NCD/Accident","NCD AccidentPrime – General Brochure.pdf","10_C1CK7AnNc6k3nXWyhNNtgDUQv7QjDl","application/pdf","https://drive.google.com/file/d/10_C1CK7AnNc6k3nXWyhNNtgDUQv7QjDl/view?usp=drivesdk"
"Resource Center/Directory/Dental & Vision/NCD/Accident","NCD AccidentPrime – Rate Sheet.pdf","10ZgWBGFQkxh2m4aHtWv648D3coHy9K6k","application/pdf","https://drive.google.com/file/d/10ZgWBGFQkxh2m4aHtWv648D3coHy9K6k/view?usp=drivesdk"
"Resource Center/Directory/Dental & Vision/NCD/Accident","NCD AccidentPrime – Sell Sheet.pdf","18TSs_uaGNGeKTJidmyibjkEJb6IIyHi0","application/pdf","https://drive.google.com/file/d/18TSs_uaGNGeKTJidmyibjkEJb6IIyHi0/view?usp=drivesdk"
"Resource Center/Directory/SEG","SEG CENSUS ","1Ty9Slj0aoYIrXm1qRuA5jlcFA7U0Q0WN","application/vnd.openxmlformats-officedocument.spreadsheetml.sheet","https://docs.google.com/spreadsheets/d/1Ty9Slj0aoYIrXm1qRuA5jlcFA7U0Q0WN/edit?usp=drivesdk&ouid=101956724998028410123&rtpof=true&sd=true"
"Resource Center/Directory/SEG","EMPLOYER COMPLIANCE_ACA~DOL_QLE.pdf","15Hz5ao6NyseUnUFarGAHnIFpO58tm2S7","application/pdf","https://drive.google.com/file/d/15Hz5ao6NyseUnUFarGAHnIFpO58tm2S7/view?usp=drivesdk"
"Resource Center/Directory/SEG","DR & RX GRID.xlsx","1cBU0qSg3oAyVpseD093D44NfbGOZfBU4","application/vnd.openxmlformats-officedocument.spreadsheetml.sheet","https://docs.google.com/spreadsheets/d/1cBU0qSg3oAyVpseD093D44NfbGOZfBU4/edit?usp=drivesdk&ouid=101956724998028410123&rtpof=true&sd=true"
"Resource Center/Directory/SEG","75_ CALC TOOL.xlsx","1EHA2f1pzDkLmmKVpIIqySKO6p_xH1Epf","application/vnd.openxmlformats-officedocument.spreadsheetml.sheet","https://docs.google.com/spreadsheets/d/1EHA2f1pzDkLmmKVpIIqySKO6p_xH1Epf/edit?usp=drivesdk&ouid=101956724998028410123&rtpof=true&sd=true"
"Resource Center/Directory/SEG","_TRAINING_ Small Employer Group (“SEG”) - 2025_06_04 10_16 PDT - Notes by Gemini.docx","1t1Ww98xO8C7EDnMPPVz9mXdKOHx80lJ2","application/vnd.openxmlformats-officedocument.wordprocessingml.document","https://docs.google.com/document/d/1t1Ww98xO8C7EDnMPPVz9mXdKOHx80lJ2/edit?usp=drivesdk&ouid=101956724998028410123&rtpof=true&sd=true"
"Resource Center/Directory/SEG/SelectHealth","SelectHealth Broker of Record Change.pdf","16Jhmc3GwMTXJFDPY1Uel02r80Qq9-NI_","application/pdf","https://drive.google.com/file/d/16Jhmc3GwMTXJFDPY1Uel02r80Qq9-NI_/view?usp=drivesdk"
"Resource Center/Directory/SEG/BASE Benefits","BASE HRA Product Pricing Bulletin.pdf","1n8RErzbF8v1oZY1_OV7WHCi7axKAVVqB","application/pdf","https://drive.google.com/file/d/1n8RErzbF8v1oZY1_OV7WHCi7axKAVVqB/view?usp=drivesdk"
"Resource Center/Directory/SEG/BASE Benefits","BASE Presentation.pdf","1h96cltOrwEFWt4_PZrnnzwcsoA9Jp2iF","application/pdf","https://drive.google.com/file/d/1h96cltOrwEFWt4_PZrnnzwcsoA9Jp2iF/view?usp=drivesdk"
"Resource Center/Directory/Off-Exchange/LIFEX","LifeX Commission Hierarchy.xlsx","1KqjELOyq1O_6Ob7vHFBIUjsbzKpt-6QS","application/vnd.openxmlformats-officedocument.spreadsheetml.sheet","https://docs.google.com/spreadsheets/d/1KqjELOyq1O_6Ob7vHFBIUjsbzKpt-6QS/edit?usp=drivesdk&ouid=101956724998028410123&rtpof=true&sd=true"
"Resource Center/Directory/Off-Exchange/LIFEX","LifeX Commission Hierarchy.pdf","1Bnlt4SLuFK9rqBk_00R7mr1-K92udr4f","application/pdf","https://drive.google.com/file/d/1Bnlt4SLuFK9rqBk_00R7mr1-K92udr4f/view?usp=drivesdk"
"Resource Center/Directory/Off-Exchange/LIFEX","LifeX Preventive Services.pdf","1iIYl4vWzhz4phHHgbuVYLqP2V17Makjk","application/pdf","https://drive.google.com/file/d/1iIYl4vWzhz4phHHgbuVYLqP2V17Makjk/view?usp=drivesdk"
"Resource Center/Directory/Off-Exchange/LIFEX","Kock-Out Questions LifeX.pdf","1cwVPpyz1bPBCpW03bVltbWGN0OaC8VCM","application/pdf","https://drive.google.com/file/d/1cwVPpyz1bPBCpW03bVltbWGN0OaC8VCM/view?usp=drivesdk"
"Resource Center/Directory/Off-Exchange/LIFEX","VL Plan Comparison Rates..pdf","1MhTE0pVJH_EQrPEjk2KHe1RA8GW5cM9J","application/pdf","https://drive.google.com/file/d/1MhTE0pVJH_EQrPEjk2KHe1RA8GW5cM9J/view?usp=drivesdk"
"Resource Center/Directory/Off-Exchange/LIFEX","MM+ Plan Comparison Rates..pdf","1S0KaG65L_EenTbzhVwdgNd4xdj0DnqQ-","application/pdf","https://drive.google.com/file/d/1S0KaG65L_EenTbzhVwdgNd4xdj0DnqQ-/view?usp=drivesdk"
"Resource Center/Directory/Off-Exchange/LIFEX","HSA Plan Comparison Rates..pdf","1wRofYv75AptNGYbZNGpZowlTO5G-XayW","application/pdf","https://drive.google.com/file/d/1wRofYv75AptNGYbZNGpZowlTO5G-XayW/view?usp=drivesdk"
"Resource Center/Directory/Off-Exchange/LIFEX","MM Plan Comparison Rates..pdf","1yCLo9_GZHaZvx42ZHXD-pbfY61LS3ugN","application/pdf","https://drive.google.com/file/d/1yCLo9_GZHaZvx42ZHXD-pbfY61LS3ugN/view?usp=drivesdk"
"Resource Center/Directory/Off-Exchange/LIFEX","FAQ_s for Research Associate - 7.9.25.pdf","1QebNH_XnqDD2YaZVeBx-C3qOSO-3tCdX","application/pdf","https://drive.google.com/file/d/1QebNH_XnqDD2YaZVeBx-C3qOSO-3tCdX/view?usp=drivesdk"
"Resource Center/Directory/Off-Exchange/LIFEX","_LifeX Onboarding Agreement_Form - Working Draft - CLEAN - SEMI FINAL (3) (2).pdf","1_7YCGrRxAmIEzjuMAUu2m0MR8jtPIC0M","application/pdf","https://drive.google.com/file/d/1_7YCGrRxAmIEzjuMAUu2m0MR8jtPIC0M/view?usp=drivesdk"
"Resource Center/Directory/Off-Exchange/LIFEX","Why LifeX without website.pdf","1_TL7SMmuuH6-BsFUfZ5K_e9E35L2djdz","application/pdf","https://drive.google.com/file/d/1_TL7SMmuuH6-BsFUfZ5K_e9E35L2djdz/view?usp=drivesdk"
"Resource Center/Directory/Off-Exchange/LIFEX","LifeX Q&A.pdf","1kl2AF5KeYVfMpmmAwKbEQh9oUZ88UeJi","application/pdf","https://drive.google.com/file/d/1kl2AF5KeYVfMpmmAwKbEQh9oUZ88UeJi/view?usp=drivesdk"
"Resource Center/Directory/Off-Exchange/LIFEX","FAQ_s for Recruiter 7.9.25.pdf","1wdOqtY-4-T18FwvgnEApJrZ8KMwthbAB","application/pdf","https://drive.google.com/file/d/1wdOqtY-4-T18FwvgnEApJrZ8KMwthbAB/view?usp=drivesdk"
"Resource Center/Directory/Off-Exchange/LIFEX","New Member Info LifeX.pdf","1xqrqIexo9c3rxjP_KwVqi4Lwy1xeGScP","application/pdf","https://drive.google.com/file/d/1xqrqIexo9c3rxjP_KwVqi4Lwy1xeGScP/view?usp=drivesdk"
"Resource Center/Directory/Off-Exchange/SilverPeak","Silver Peak Plans - ProtectHealth 2025.pdf","1hIa2jjccg9K57HAvUoijvxugGe643OQR","application/pdf","https://drive.google.com/file/d/1hIa2jjccg9K57HAvUoijvxugGe643OQR/view?usp=drivesdk"
"Resource Center/Directory/Off-Exchange/SilverPeak","Silver Peak Plans (TRADITIONAL VIEW) - ProtectHealth 2025.pdf","11cnap-TYE2eglOdv76QYTp9lL3b4Cytt","application/pdf","https://drive.google.com/file/d/11cnap-TYE2eglOdv76QYTp9lL3b4Cytt/view?usp=drivesdk"
"Resource Center/Directory/Off-Exchange/SilverPeak","2025 Silver Peak Supplemental BrochureX.pdf","1Al7gP0OnaX8DxRuiJ_iTlgD1PtMjdnJH","application/pdf","https://drive.google.com/file/d/1Al7gP0OnaX8DxRuiJ_iTlgD1PtMjdnJH/view?usp=drivesdk"
"Resource Center/Directory/Off-Exchange/SilverPeak","Silver Peak LifeX Study Guide.pdf","1t0IMxenEoXqDVQVX9Kr-rTPNW5ghXShs","application/pdf","https://drive.google.com/file/d/1t0IMxenEoXqDVQVX9Kr-rTPNW5ghXShs/view?usp=drivesdk"
"Resource Center/Directory/Off-Exchange/SilverPeak","Care Coordination 1 Page Info Sheet.pdf","1MvEu6r52n1uuoV7svOXtUhtikb68b_gu","application/pdf","https://drive.google.com/file/d/1MvEu6r52n1uuoV7svOXtUhtikb68b_gu/view?usp=drivesdk"
"Resource Center/Directory/Off-Exchange/SilverPeak","Silver Peak Fillable-Printable Applicaiton V2 FINAL.pdf","1Dn1dvG0Kfrp8_r0BUlq4UhZMRWYCpRI9","application/pdf","https://drive.google.com/file/d/1Dn1dvG0Kfrp8_r0BUlq4UhZMRWYCpRI9/view?usp=drivesdk"
"Resource Center/Directory/Off-Exchange/SilverPeak","Silver Peak Maintenance Formulary - ProtectHealth 2025.pdf","1z3D_2CyaPaWBUt0fDLWeQ3g2zZcgYLV6","application/pdf","https://drive.google.com/file/d/1z3D_2CyaPaWBUt0fDLWeQ3g2zZcgYLV6/view?usp=drivesdk"
"Resource Center/Directory/Off-Exchange/SilverPeak","Silver Peak Standard Formulary - ProtectHealth 2025.pdf","1nXhYgYmnnZm0dBvDKAYHoy3rzzTV8ikj","application/pdf","https://drive.google.com/file/d/1nXhYgYmnnZm0dBvDKAYHoy3rzzTV8ikj/view?usp=drivesdk"
"Resource Center/Directory/ACA","P&L Form.zip","16XYC7DvdFic2N3VuHZjDyv6TCq3xXeXp","application/zip","https://drive.google.com/file/d/16XYC7DvdFic2N3VuHZjDyv6TCq3xXeXp/view?usp=drivesdk"
"Resource Center/Directory/ACA","NV Medicaid vs Marketplace vs BBSP AGENTS.pdf","10qLwSViqWyAhr_YWKWbp7fiKphuoTxlJ","application/pdf","https://drive.google.com/file/d/10qLwSViqWyAhr_YWKWbp7fiKphuoTxlJ/view?usp=drivesdk"
"Resource Center/Directory/ACA","2025 Provider and Formulary QuickLink.pdf","1TszMBJm2XO1v0MzPuuaS0ZL4hVO0JsAx","application/pdf","https://drive.google.com/file/d/1TszMBJm2XO1v0MzPuuaS0ZL4hVO0JsAx/view?usp=drivesdk"
"Resource Center/Directory/ACA/Imperial","2025 Provider and Formulary QuickLink.pdf","1LHEBlTh6NLn6v1UWDXxv36SuXPWs05tH","application/pdf","https://drive.google.com/file/d/1LHEBlTh6NLn6v1UWDXxv36SuXPWs05tH/view?usp=drivesdk"
"Resource Center/Directory/ACA/Imperial/Commission","2025 ACA Commissions - Individual and Group.pdf","1Hvew8vAUEbIh66XxgQoxyaHs9qAVvSL1","application/pdf","https://drive.google.com/file/d/1Hvew8vAUEbIh66XxgQoxyaHs9qAVvSL1/view?usp=drivesdk"
"Resource Center/Directory/ACA/Molina","2025 Provider and Formulary QuickLink.pdf","1GzNeBSdNpHyGbaD4GVP0wYqwvjpU7L4m","application/pdf","https://drive.google.com/file/d/1GzNeBSdNpHyGbaD4GVP0wYqwvjpU7L4m/view?usp=drivesdk"
"Resource Center/Directory/ACA/Molina/Commission","2025 ACA Commissions - Individual and Group.pdf","11juGdfHWVChJYvDS7RFcNAISbO1z7Ebw","application/pdf","https://drive.google.com/file/d/11juGdfHWVChJYvDS7RFcNAISbO1z7Ebw/view?usp=drivesdk"
"Resource Center/Directory/ACA/SelectHealth","2025 Provider and Formulary QuickLink.pdf","1YjBkvQ-MiQDyJWKO_NTxNZmFpmFfBimn","application/pdf","https://drive.google.com/file/d/1YjBkvQ-MiQDyJWKO_NTxNZmFpmFfBimn/view?usp=drivesdk"
"Resource Center/Directory/ACA/SelectHealth/SelectHealth Info Pack","Select Health Value Adds Presentation.pdf","1A4kWFtvk7qreD854KqyBAs-86hz3_o4I","application/pdf","https://drive.google.com/file/d/1A4kWFtvk7qreD854KqyBAs-86hz3_o4I/view?usp=drivesdk"
"Resource Center/Directory/ACA/SelectHealth/SelectHealth Info Pack","ProtectHealth 2025 Updates - IND.pdf","1eXcqoYlhD0ZOWyG90y-2r1GGh5_IS5gC","application/pdf","https://drive.google.com/file/d/1eXcqoYlhD0ZOWyG90y-2r1GGh5_IS5gC/view?usp=drivesdk"
"Resource Center/Directory/ACA/SelectHealth/SelectHealth Info Pack","3343600_Intermountain_Maule_Clinic_Opening_Member_Flyer.pdf","14KnZXZ4JsFRki7oL9Tba5gSZyU4ltcHA","application/pdf","https://drive.google.com/file/d/14KnZXZ4JsFRki7oL9Tba5gSZyU4ltcHA/view?usp=drivesdk"
"Resource Center/Directory/ACA/SelectHealth/SelectHealth Info Pack","2025 NV Individual Member Guide.pdf","1y_hpoFakodZVIXk8zMuq0E3lSDFiTMpy","application/pdf","https://drive.google.com/file/d/1y_hpoFakodZVIXk8zMuq0E3lSDFiTMpy/view?usp=drivesdk"
"Resource Center/Directory/ACA/SelectHealth/SelectHealth Info Pack","2025 NV IND Silver Copay MPS.pdf","1EyJspjYFemvZAQ31-XsMwfZROF2yUlrL","application/pdf","https://drive.google.com/file/d/1EyJspjYFemvZAQ31-XsMwfZROF2yUlrL/view?usp=drivesdk"
"Resource Center/Directory/ACA/SelectHealth/SelectHealth Info Pack","2025 NV IND Silver 6500 MPS.pdf","1rf-Mj5cpu1OMh3jW0NBqNqrEI7P3uzxI","application/pdf","https://drive.google.com/file/d/1rf-Mj5cpu1OMh3jW0NBqNqrEI7P3uzxI/view?usp=drivesdk"
"Resource Center/Directory/ACA/SelectHealth/SelectHealth Info Pack","2025 NV IND Gold 1000 MPS.pdf","1aaE6miuncwvyY5aRTUJtiXWodCY7x8To","application/pdf","https://drive.google.com/file/d/1aaE6miuncwvyY5aRTUJtiXWodCY7x8To/view?usp=drivesdk"
"Resource Center/Directory/ACA/SelectHealth/SelectHealth Info Pack","2025 NV IND ExpandedBronze 9200 MPS.pdf","17Lrh_2qwyxZMzYbY7zXH3iaU6s0UUD71","application/pdf","https://drive.google.com/file/d/17Lrh_2qwyxZMzYbY7zXH3iaU6s0UUD71/view?usp=drivesdk"
"Resource Center/Directory/ACA/SelectHealth/SelectHealth Info Pack","2025 NV IND ExpandedBronze 8300 HSA MPS.pdf","1_1jVGetwK4-SyFqnZRWkn3ZtqIInu_Y8","application/pdf","https://drive.google.com/file/d/1_1jVGetwK4-SyFqnZRWkn3ZtqIInu_Y8/view?usp=drivesdk"
"Resource Center/Directory/ACA/SelectHealth/SelectHealth Info Pack","2025 NV IND ExpandedBronze 6900 MPS.pdf","1zE79tkWpzsarO-PXQMHa13RAPv-lKata","application/pdf","https://drive.google.com/file/d/1zE79tkWpzsarO-PXQMHa13RAPv-lKata/view?usp=drivesdk"
"Resource Center/Directory/ACA/SelectHealth/SelectHealth Info Pack","2025 IND Plan Spread.pdf","1U1_k-oRizHMVoen75v1EUM0hM83RdAFv","application/pdf","https://drive.google.com/file/d/1U1_k-oRizHMVoen75v1EUM0hM83RdAFv/view?usp=drivesdk"
"Resource Center/Directory/ACA/SelectHealth/PY Materials","Select Health Value Adds Presentation.pdf","1zd6hFiAfyvtInoL-8_sJzF5hUTagj0Vm","application/pdf","https://drive.google.com/file/d/1zd6hFiAfyvtInoL-8_sJzF5hUTagj0Vm/view?usp=drivesdk"
"Resource Center/Directory/ACA/SelectHealth/PY Materials","3343600_Intermountain_Maule_Clinic_Opening_Member_Flyer.pdf","1JpukPX5v6UE9YosqrgPbnzVjFfqrF3SH","application/pdf","https://drive.google.com/file/d/1JpukPX5v6UE9YosqrgPbnzVjFfqrF3SH/view?usp=drivesdk"
"Resource Center/Directory/ACA/SelectHealth/PY Materials","2025 NV Individual Member Guide.pdf","1-hhmH6qGzTmos-7h7caIfANqiEdB2otj","application/pdf","https://drive.google.com/file/d/1-hhmH6qGzTmos-7h7caIfANqiEdB2otj/view?usp=drivesdk"
"Resource Center/Directory/ACA/SelectHealth/PY Materials","2025 IND Plan Spread.pdf","1NedLBoKkmH9qd2B0ZOuQ768RvHWGarg0","application/pdf","https://drive.google.com/file/d/1NedLBoKkmH9qd2B0ZOuQ768RvHWGarg0/view?usp=drivesdk"
"Resource Center/Directory/ACA/SelectHealth/PY Materials","ProtectHealth 2025 Updates - IND.pdf","1xDnJzSBfkjtNffojfnBbCHgdSvYppW5h","application/pdf","https://drive.google.com/file/d/1xDnJzSBfkjtNffojfnBbCHgdSvYppW5h/view?usp=drivesdk"
"Resource Center/Directory/ACA/SelectHealth/PY Materials","2025 NV IND ExpandedBronze 6900 MPS.PDF","1NtWzjMCEuuDK1VikXec2UQdNGBTso3L7","application/pdf","https://drive.google.com/file/d/1NtWzjMCEuuDK1VikXec2UQdNGBTso3L7/view?usp=drivesdk"
"Resource Center/Directory/ACA/SelectHealth/PY Materials","2025 NV IND ExpandedBronze 9200 MPS.PDF","1eejJ4rAb9hON12_Da7GAzxSRl33m6KNV","application/pdf","https://drive.google.com/file/d/1eejJ4rAb9hON12_Da7GAzxSRl33m6KNV/view?usp=drivesdk"
"Resource Center/Directory/ACA/SelectHealth/PY Materials","2025 NV IND ExpandedBronze 8300 HSA MPS.PDF","1LOatcHy8JajOhhfmBs8yeN9SZu6M6ki7","application/pdf","https://drive.google.com/file/d/1LOatcHy8JajOhhfmBs8yeN9SZu6M6ki7/view?usp=drivesdk"
"Resource Center/Directory/ACA/SelectHealth/PY Materials","2025 NV IND Silver Copay MPS.PDF","1xO_u0Bme0Tk4jelHZ68hBiqg0YmbSWHf","application/pdf","https://drive.google.com/file/d/1xO_u0Bme0Tk4jelHZ68hBiqg0YmbSWHf/view?usp=drivesdk"
"Resource Center/Directory/ACA/SelectHealth/PY Materials","2025 NV IND Silver 6500 MPS.PDF","1yU_HDiJKr1WFI5twPTHQIyH4YalHE70u","application/pdf","https://drive.google.com/file/d/1yU_HDiJKr1WFI5twPTHQIyH4YalHE70u/view?usp=drivesdk"
"Resource Center/Directory/ACA/SelectHealth/PY Materials","2025 NV IND Gold 1000 MPS.PDF","1MOzAfkd9OFiylAhaI09UCfz3wsLNjOGC","application/pdf","https://drive.google.com/file/d/1MOzAfkd9OFiylAhaI09UCfz3wsLNjOGC/view?usp=drivesdk"
"Resource Center/Directory/ACA/SelectHealth/PY Materials","ProtectHealth 2024 SelectHealth Plan Presentation.pdf","1nwFMCcRhevUxvcC97R8mIlTSTr2sCN_4","application/pdf","https://drive.google.com/file/d/1nwFMCcRhevUxvcC97R8mIlTSTr2sCN_4/view?usp=drivesdk"
"Resource Center/Directory/ACA/SelectHealth/Commission","2025 ACA Commissions - Individual and Group.pdf","16FV8qfE8hjN_sPUsa33iaAFYK2nZcHz2","application/pdf","https://drive.google.com/file/d/16FV8qfE8hjN_sPUsa33iaAFYK2nZcHz2/view?usp=drivesdk"
"Resource Center/Directory/ACA/HPN","2025 Provider and Formulary QuickLink.pdf","1SEtiECx_KzItIxdaUCU-J-VsIv42w-aI","application/pdf","https://drive.google.com/file/d/1SEtiECx_KzItIxdaUCU-J-VsIv42w-aI/view?usp=drivesdk"
"Resource Center/Directory/ACA/HPN","Agent BOR for HPN.pdf","1es0TEPkjRsD1yOKT_8Lrv6vTxZY88A_B","application/pdf","https://drive.google.com/file/d/1es0TEPkjRsD1yOKT_8Lrv6vTxZY88A_B/view?usp=drivesdk"
"Resource Center/Directory/ACA/HPN","2025 Individual Change Form for HPN_Sierra.pdf","177Ib6vdy_d9nogVHdr1tIJqq5qGT6bP1","application/pdf","https://drive.google.com/file/d/177Ib6vdy_d9nogVHdr1tIJqq5qGT6bP1/view?usp=drivesdk"
"Resource Center/Directory/ACA/HPN/HPN Info Pack","Vital Medications Flyer SHL_FINAL.pdf","1QYf0R-t6kXkbePlwWukTuMGCqjhFa8Y5","application/pdf","https://drive.google.com/file/d/1QYf0R-t6kXkbePlwWukTuMGCqjhFa8Y5/view?usp=drivesdk"
"Resource Center/Directory/ACA/HPN/HPN Info Pack","Vital Medications Flyer HPN_FINAL.pdf","1fM6Sd0nqTysHHazr4g-I-QJ6nw5OKSM1","application/pdf","https://drive.google.com/file/d/1fM6Sd0nqTysHHazr4g-I-QJ6nw5OKSM1/view?usp=drivesdk"
"Resource Center/Directory/ACA/HPN/HPN Info Pack","SHL-One Pass IFP Flyer_FINAL.pdf","1VgPmtCeQ9cwq3nv1BJf2eFulg_S4JBBF","application/pdf","https://drive.google.com/file/d/1VgPmtCeQ9cwq3nv1BJf2eFulg_S4JBBF/view?usp=drivesdk"
"Resource Center/Directory/ACA/HPN/HPN Info Pack","HPN One Pass IFP Flyer_FINAL.pdf","1K0ZZ8DUa67gwmT_OtHfnCItsqRkwKoxP","application/pdf","https://drive.google.com/file/d/1K0ZZ8DUa67gwmT_OtHfnCItsqRkwKoxP/view?usp=drivesdk"
"Resource Center/Directory/ACA/HPN/HPN Info Pack","FINAL 2025 On Ex SNV Rates.pdf","1aw0X02tbYwBpzH8PGGRn39jCNA11q55_","application/pdf","https://drive.google.com/file/d/1aw0X02tbYwBpzH8PGGRn39jCNA11q55_/view?usp=drivesdk"
"Resource Center/Directory/ACA/HPN/HPN Info Pack","FINAL 2025 INDIVIDUAL CHANGE FORM 1766_Indiv Change Form_FINAL_07.24","1TfgPJA0SmMPmQols6iU5VFgfk5l6jEpc","application/pdf","https://drive.google.com/file/d/1TfgPJA0SmMPmQols6iU5VFgfk5l6jEpc/view?usp=drivesdk"
"Resource Center/Directory/ACA/HPN/HPN Info Pack","FINAL 2025 INDIVIDUAL APPLICATION PD1414_HPN-SHL_BlendedInAppCAA25_FINAL_07.24","1Tbm-4YOzGeIb9eNO5AfkRCdZbAllrOoa","application/pdf","https://drive.google.com/file/d/1Tbm-4YOzGeIb9eNO5AfkRCdZbAllrOoa/view?usp=drivesdk"
"Resource Center/Directory/ACA/HPN/HPN Info Pack","FINAL 2025 HMO SNV Rates.pdf","1K-cIPmRZJ9S5eewGNJdhCLCXQ6mHp6ip","application/pdf","https://drive.google.com/file/d/1K-cIPmRZJ9S5eewGNJdhCLCXQ6mHp6ip/view?usp=drivesdk"
"Resource Center/Directory/ACA/HPN/HPN Info Pack","FINAL 2025 EPO Rates.pdf","1q1513Ev01uxRbtWLZrbHxteSXTp95Iv4","application/pdf","https://drive.google.com/file/d/1q1513Ev01uxRbtWLZrbHxteSXTp95Iv4/view?usp=drivesdk"
"Resource Center/Directory/ACA/HPN/HPN Info Pack","2025 Updates HPN_SHL.pdf","1df6zUnLsiowvejIZWYM1bh4eqltIkBqf","application/pdf","https://drive.google.com/file/d/1df6zUnLsiowvejIZWYM1bh4eqltIkBqf/view?usp=drivesdk"
"Resource Center/Directory/ACA/HPN/HPN Info Pack","2025 FINAL Broker Individual Plan Update UHC0582_24.1 2025 Individual and Family Plan Updates for Brokers_FINAL.pdf","1O2oSTxbLMqPUiVw_Ot1Ok7kL_HC4tB7o","application/pdf","https://drive.google.com/file/d/1O2oSTxbLMqPUiVw_Ot1Ok7kL_HC4tB7o/view?usp=drivesdk"
"Resource Center/Directory/ACA/HPN/HPN Info Pack","2025 Ancillary Options.pdf","1Xp83D-bXaYNUqsCW3sDGp7Wi7rIW4htW","application/pdf","https://drive.google.com/file/d/1Xp83D-bXaYNUqsCW3sDGp7Wi7rIW4htW/view?usp=drivesdk"
"Resource Center/Directory/ACA/HPN/PY Materials","Health Plan of Nevada PY2025 Presentation – 2024_10_23 09_24 PDT – Recording.mp4","1XW0RA1SCtrrZ_-SE82xVHsNkuL92w6wq","video/mp4","https://drive.google.com/file/d/1XW0RA1SCtrrZ_-SE82xVHsNkuL92w6wq/view?usp=drivesdk"
"Resource Center/Directory/ACA/HPN/PY Materials","Vital Medications Flyer SHL_FINAL.pdf","18pht2hwbCRngmJ9D0PaXVbHjJ7ivsbQV","application/pdf","https://drive.google.com/file/d/18pht2hwbCRngmJ9D0PaXVbHjJ7ivsbQV/view?usp=drivesdk"
"Resource Center/Directory/ACA/HPN/PY Materials","Vital Medications Flyer HPN_FINAL.pdf","1Hxfyk4gZGzP58B89c_1BW9AvOykhmv_e","application/pdf","https://drive.google.com/file/d/1Hxfyk4gZGzP58B89c_1BW9AvOykhmv_e/view?usp=drivesdk"
"Resource Center/Directory/ACA/HPN/PY Materials","HPN One Pass IFP Flyer_FINAL.pdf","1f3VF1p3iF7zKEVFcsneUs-6UYuz2yZj8","application/pdf","https://drive.google.com/file/d/1f3VF1p3iF7zKEVFcsneUs-6UYuz2yZj8/view?usp=drivesdk"
"Resource Center/Directory/ACA/HPN/PY Materials","SHL-One Pass IFP Flyer_FINAL.pdf","1KVCEuj-TUSzH97pOpfzpwVxfDf1EWroQ","application/pdf","https://drive.google.com/file/d/1KVCEuj-TUSzH97pOpfzpwVxfDf1EWroQ/view?usp=drivesdk"
"Resource Center/Directory/ACA/HPN/PY Materials","Health Plan of Nevada PY2025 Presentation – 2024_10_23 09_24 PDT – Recording_1.mp4","1qH5s7swiZXSt_iik17u4-2wUWgEy7O6E","video/mp4","https://drive.google.com/file/d/1qH5s7swiZXSt_iik17u4-2wUWgEy7O6E/view?usp=drivesdk"
"Resource Center/Directory/ACA/HPN/PY Materials","2025 Updates HPN_SHL.pdf","10rXJJTT4fhacCR4IK9KVc02ZPo6ohSOJ","application/pdf","https://drive.google.com/file/d/10rXJJTT4fhacCR4IK9KVc02ZPo6ohSOJ/view?usp=drivesdk"
"Resource Center/Directory/ACA/HPN/PY Materials","2025 FINAL Broker Individual Plan Update UHC0582_24.1 2025 Individual and Family Plan Updates for Brokers_FINAL.pdf","1ioOBXBWdjkCEIUXciY_Q4_QWSvh3W2kL","application/pdf","https://drive.google.com/file/d/1ioOBXBWdjkCEIUXciY_Q4_QWSvh3W2kL/view?usp=drivesdk"
"Resource Center/Directory/ACA/HPN/PY Materials","FINAL 2025 On Ex SNV Rates.pdf","17GlZ3yKeRv-SOKKM1WR99qxje7TGso8H","application/pdf","https://drive.google.com/file/d/17GlZ3yKeRv-SOKKM1WR99qxje7TGso8H/view?usp=drivesdk"
"Resource Center/Directory/ACA/HPN/PY Materials","FINAL 2025 EPO Rates.pdf","1x1_2Oup9ohVXsHjYtf8oOQADaXJJGn1P","application/pdf","https://drive.google.com/file/d/1x1_2Oup9ohVXsHjYtf8oOQADaXJJGn1P/view?usp=drivesdk"
"Resource Center/Directory/ACA/HPN/PY Materials","FINAL 2025 HMO SNV Rates.pdf","151-g4jTAZFAe-NWQ0X9iNZqqh2NUaQQv","application/pdf","https://drive.google.com/file/d/151-g4jTAZFAe-NWQ0X9iNZqqh2NUaQQv/view?usp=drivesdk"
"Resource Center/Directory/ACA/HPN/PY Materials","2025 Ancillary Options.pdf","1hlsd7MQp2mLVRghZ18t0s4gVmArn8oEX","application/pdf","https://drive.google.com/file/d/1hlsd7MQp2mLVRghZ18t0s4gVmArn8oEX/view?usp=drivesdk"
"Resource Center/Directory/ACA/HPN/PY Materials","FINAL 2025 INDIVIDUAL CHANGE FORM 1766_Indiv Change Form_FINAL_07.24.pdf","1_gKjT3wq5x8xslC3Q8rJRRD1T8n9xp0h","application/pdf","https://drive.google.com/file/d/1_gKjT3wq5x8xslC3Q8rJRRD1T8n9xp0h/view?usp=drivesdk"
"Resource Center/Directory/ACA/HPN/PY Materials","FINAL 2025 INDIVIDUAL APPLICATION PD1414_HPN-SHL_BlendedInAppCAA25_FINAL_07.24.pdf","1ViuQlaEwLtlAohbvNUFJzu4SiFCrTAyg","application/pdf","https://drive.google.com/file/d/1ViuQlaEwLtlAohbvNUFJzu4SiFCrTAyg/view?usp=drivesdk"
"Resource Center/Directory/ACA/HPN/PY Materials","Health Plan of Nevada PY2025 Presentation – 2024_10_23 09_24 PDT – Recording_1(1).mp4","1qrPICw0UENuyoMRmbzZTEr_n5NIrO5f8","video/mp4","https://drive.google.com/file/d/1qrPICw0UENuyoMRmbzZTEr_n5NIrO5f8/view?usp=drivesdk"
"Resource Center/Directory/ACA/HPN/PY Materials","Health Plan of Nevada PY2025 Presentation – 2024_10_23 09_24 PDT – Chat.txt","15xtDKfDE64Y4mYuxmlwEsGsKYcIz8hDU","text/plain","https://drive.google.com/file/d/15xtDKfDE64Y4mYuxmlwEsGsKYcIz8hDU/view?usp=drivesdk"
"Resource Center/Directory/ACA/HPN/PY2026","Rate Increase Talking Points Flyer.pdf","1hokHRxHBBF_wKuhy1-hCfQ5hVvyCZg33","application/pdf","https://drive.google.com/file/d/1hokHRxHBBF_wKuhy1-hCfQ5hVvyCZg33/view?usp=drivesdk"
"Resource Center/Directory/ACA/HPN/PY2026","Plan Grids.pdf","1_ht-i-5mp8-KfOGEfosUaC6alheU1au3","application/pdf","https://drive.google.com/file/d/1_ht-i-5mp8-KfOGEfosUaC6alheU1au3/view?usp=drivesdk"
"Resource Center/Directory/ACA/HPN/PY2026","Personalized Health Summary.pdf","1mtrx6uu68VDfCtBXghGHsQAqpUR7gZ6_","application/pdf","https://drive.google.com/file/d/1mtrx6uu68VDfCtBXghGHsQAqpUR7gZ6_/view?usp=drivesdk"
"Resource Center/Directory/ACA/HPN/PY2026","Online Broker Guide.pdf","1iWeAo7CS1j9hGKfwEJyVrXWN7BxdfApe","application/pdf","https://drive.google.com/file/d/1iWeAo7CS1j9hGKfwEJyVrXWN7BxdfApe/view?usp=drivesdk"
"Resource Center/Directory/ACA/HPN/PY2026","On Exchange Rating Area 4.pdf","1hP4xSq-u0FYgZSg4k8uHnh5EnW9az0U4","application/pdf","https://drive.google.com/file/d/1hP4xSq-u0FYgZSg4k8uHnh5EnW9az0U4/view?usp=drivesdk"
"Resource Center/Directory/ACA/HPN/PY2026","On Exchange Rating Area 3.pdf","1XgviL-p4PYsJ5NG-qJWEPFRgx8cbLkeH","application/pdf","https://drive.google.com/file/d/1XgviL-p4PYsJ5NG-qJWEPFRgx8cbLkeH/view?usp=drivesdk"
"Resource Center/Directory/ACA/HPN/PY2026","On Exchange Rating Area 2.pdf","1RBeLpnrzypjoz7qcZe2M4MeCD1ubp27N","application/pdf","https://drive.google.com/file/d/1RBeLpnrzypjoz7qcZe2M4MeCD1ubp27N/view?usp=drivesdk"
"Resource Center/Directory/ACA/HPN/PY2026","On Exchange Rating Area 1.pdf","1mXP4YExr9AcKRBJ-mFYk8z58BQokE_ii","application/pdf","https://drive.google.com/file/d/1mXP4YExr9AcKRBJ-mFYk8z58BQokE_ii/view?usp=drivesdk"
"Resource Center/Directory/ACA/HPN/PY2026","Off Exchange HMO SNV.pdf","1gUK5gO7qIdTV1eEsqJRT9F1-MJ1TrKo7","application/pdf","https://drive.google.com/file/d/1gUK5gO7qIdTV1eEsqJRT9F1-MJ1TrKo7/view?usp=drivesdk"
"Resource Center/Directory/ACA/HPN/PY2026","Off Exchange HMO NNV.pdf","1CxjY2-yXoQbArbBfsyBjvgSF3Tl5pgQT","application/pdf","https://drive.google.com/file/d/1CxjY2-yXoQbArbBfsyBjvgSF3Tl5pgQT/view?usp=drivesdk"
"Resource Center/Directory/ACA/HPN/PY2026","Off Exchange EPO Rates.pdf","1D6UlrlhIZKYfdxaJwjPd08MKAkz5UX49","application/pdf","https://drive.google.com/file/d/1D6UlrlhIZKYfdxaJwjPd08MKAkz5UX49/view?usp=drivesdk"
"Resource Center/Directory/ACA/HPN/PY2026","More $0 Diabetes Benefits.pdf","18sauq5rzJ6-kKJeDy0E63FUo9SXC1E0M","application/pdf","https://drive.google.com/file/d/18sauq5rzJ6-kKJeDy0E63FUo9SXC1E0M/view?usp=drivesdk"
"Resource Center/Directory/ACA/HPN/PY2026","IFP Updates (brokers).pdf","1v260ahrfUtf6ZP4QafL8JCmtinktk2I3","application/pdf","https://drive.google.com/file/d/1v260ahrfUtf6ZP4QafL8JCmtinktk2I3/view?usp=drivesdk"
"Resource Center/Directory/ACA/HPN/PY2026","IFP Brochure (Prospects & Members).pdf","1tBNPTxiQhB1Ph1TCFPSNZUXDfjYb59WR","application/pdf","https://drive.google.com/file/d/1tBNPTxiQhB1Ph1TCFPSNZUXDfjYb59WR/view?usp=drivesdk"
"Resource Center/Directory/ACA/HPN/PY2026","DHMO Discontinuance Letter.pdf","13fpkRaTdLnlLBmZ65ifYh3ySOe9C--If","application/pdf","https://drive.google.com/file/d/13fpkRaTdLnlLBmZ65ifYh3ySOe9C--If/view?usp=drivesdk"
"Resource Center/Directory/ACA/HPN/PY2026","2026 Individual Change Form.pdf","1SPNOkogqJjDrVm1yidzjaxLbn2ZI5YGN","application/pdf","https://drive.google.com/file/d/1SPNOkogqJjDrVm1yidzjaxLbn2ZI5YGN/view?usp=drivesdk"
"Resource Center/Directory/ACA/HPN/PY2026","2026 Individual Application.pdf","1a9NbFsS6EwHsNM2x28xxXly6sL6GqyMc","application/pdf","https://drive.google.com/file/d/1a9NbFsS6EwHsNM2x28xxXly6sL6GqyMc/view?usp=drivesdk"
"Resource Center/Directory/ACA/HPN/PY2026","2026 Individual and Family Plan Open Enrollment Materials.pdf","1JqGWYngsg0Ahfz5XHTxR37VmBA6MiVOb","application/pdf","https://drive.google.com/file/d/1JqGWYngsg0Ahfz5XHTxR37VmBA6MiVOb/view?usp=drivesdk"
"Resource Center/Directory/ACA/HPN/Commission","2025 ACA Commissions - Individual and Group.pdf","1uI8VX9CDTSzCRgykHPr8wYP15UUymG7V","application/pdf","https://drive.google.com/file/d/1uI8VX9CDTSzCRgykHPr8wYP15UUymG7V/view?usp=drivesdk"
"Resource Center/Directory/ACA/Hometown","2025 Provider and Formulary QuickLink.pdf","1ngsYpQ8ioIhDJRCA_kkYaMzEFlVSjE5P","application/pdf","https://drive.google.com/file/d/1ngsYpQ8ioIhDJRCA_kkYaMzEFlVSjE5P/view?usp=drivesdk"
"Resource Center/Directory/ACA/Hometown/Commission","2025 ACA Commissions - Individual and Group.pdf","1mczywvAI9G1UXFEqhqhJN_WYKOdsGSJy","application/pdf","https://drive.google.com/file/d/1mczywvAI9G1UXFEqhqhJN_WYKOdsGSJy/view?usp=drivesdk"
"Resource Center/Directory/ACA/CareSource","CareSource Presentation_.pdf","1DbzpCjUkq3ght1QeQEpo5w0AQqcVIjVS","application/pdf","https://drive.google.com/file/d/1DbzpCjUkq3ght1QeQEpo5w0AQqcVIjVS/view?usp=drivesdk"
"Resource Center/Directory/ACA/Anthem","2025 Provider and Formulary QuickLink.pdf","1_VvifCUPqAematc0OFWdSwIRbKb-TmQ5","application/pdf","https://drive.google.com/file/d/1_VvifCUPqAematc0OFWdSwIRbKb-TmQ5/view?usp=drivesdk"
"Resource Center/Directory/ACA/Anthem/PY2026","2026 Individual Protect Health.pdf","1epy_6NEc0g10ZDadtAECM5ilR5uklEvc","application/pdf","https://drive.google.com/file/d/1epy_6NEc0g10ZDadtAECM5ilR5uklEvc/view?usp=drivesdk"
"Resource Center/Directory/ACA/Anthem/PY Materials","Anthem 2025 Review Meeting.mp4","1_-7gjXxs4H2-zqKV6hFv1AgesWekcwa9","video/mp4","https://drive.google.com/file/d/1_-7gjXxs4H2-zqKV6hFv1AgesWekcwa9/view?usp=drivesdk"
"Resource Center/Directory/ACA/Anthem/PY Materials","Anthem 2025 Review Meeting(1).mp4","1p3fQdWvK_4hEk9nT_JWuKvOVO4bv1NQi","video/mp4","https://drive.google.com/file/d/1p3fQdWvK_4hEk9nT_JWuKvOVO4bv1NQi/view?usp=drivesdk"
"Resource Center/Directory/ACA/Anthem/PY Materials","CCHMO Tier 1 providers Copy of NV PMG CCPT CCPM   Report_2024-09-14.xlsx","1bNFC9nqBxPwgVHB9qrPSe01mNZ7kxFda","application/vnd.openxmlformats-officedocument.spreadsheetml.sheet","https://docs.google.com/spreadsheets/d/1bNFC9nqBxPwgVHB9qrPSe01mNZ7kxFda/edit?usp=drivesdk&ouid=101956724998028410123&rtpof=true&sd=true"
"Resource Center/Directory/ACA/Anthem/PY Materials","ACA Preventive Care Flier.pdf","1_6h7M4CUCHpSSJZslv4gA2Vi92bxpGpt","application/pdf","https://drive.google.com/file/d/1_6h7M4CUCHpSSJZslv4gA2Vi92bxpGpt/view?usp=drivesdk"
"Resource Center/Directory/ACA/Anthem/PY Materials","2025 Individual Family Plan Network Coverage Map NV ABCBS.PDF","1WorZs3HbhTGkSTHrHSxngEs9uO9vwUYx","application/pdf","https://drive.google.com/file/d/1WorZs3HbhTGkSTHrHSxngEs9uO9vwUYx/view?usp=drivesdk"
"Resource Center/Directory/ACA/Anthem/PY Materials","2025 Individual Bonus A02870MUBENABS 2025 Individual Broker Bonus   9.25.pdf","1eao2_iNli54EI7ElUiyEAX1XMtBOz2HG","application/pdf","https://drive.google.com/file/d/1eao2_iNli54EI7ElUiyEAX1XMtBOz2HG/view?usp=drivesdk"
"Resource Center/Directory/ACA/Anthem/PY Materials","$0 Select Drugs.pdf","1mvMU9saXLJDjoBmh1MQoa8YMXY13VTv3","application/pdf","https://drive.google.com/file/d/1mvMU9saXLJDjoBmh1MQoa8YMXY13VTv3/view?usp=drivesdk"
"Resource Center/Directory/ACA/Anthem/PY Materials","Protect Health 2025 Individual Updates Anthem.pdf","1QR3fMfdih25Mj2H89MFVz2IADb9WNxhP","application/pdf","https://drive.google.com/file/d/1QR3fMfdih25Mj2H89MFVz2IADb9WNxhP/view?usp=drivesdk"
"Resource Center/Directory/ACA/Anthem/Anthem Info Pack","Anthem 2025 Review Meeting.mp4","1FmBwW7O7YYYcZtjsauV4yHYM92aYdA_3","video/mp4","https://drive.google.com/file/d/1FmBwW7O7YYYcZtjsauV4yHYM92aYdA_3/view?usp=drivesdk"
"Resource Center/Directory/ACA/Anthem/Anthem Info Pack","Protect Health 2025 Individual Updates Anthem.pdf","18ADekoJkklKWLKmmbAJFtyqMzPwDZ4gA","application/pdf","https://drive.google.com/file/d/18ADekoJkklKWLKmmbAJFtyqMzPwDZ4gA/view?usp=drivesdk"
"Resource Center/Directory/ACA/Anthem/Anthem Info Pack","CCHMO Tier 1 providers Copy of NV PMG CCPT CCPM   Report_2024-09-14.xlsx","1dtpMS7xq9SjXr4jdcQs8sY4UYV7Km37q","application/vnd.openxmlformats-officedocument.spreadsheetml.sheet","https://docs.google.com/spreadsheets/d/1dtpMS7xq9SjXr4jdcQs8sY4UYV7Km37q/edit?usp=drivesdk&ouid=101956724998028410123&rtpof=true&sd=true"
"Resource Center/Directory/ACA/Anthem/Anthem Info Pack","ACA Preventive Care Flier.pdf","1UkEupZAfp-wD6RY2nzikF1J3kj0zyEwF","application/pdf","https://drive.google.com/file/d/1UkEupZAfp-wD6RY2nzikF1J3kj0zyEwF/view?usp=drivesdk"
"Resource Center/Directory/ACA/Anthem/Anthem Info Pack","2025 Individual Family Plan Network Coverage Map NV ABCBS.pdf","1GeEVSZgLNwK_9A1bIAqPdZ4iGUFz1vUq","application/pdf","https://drive.google.com/file/d/1GeEVSZgLNwK_9A1bIAqPdZ4iGUFz1vUq/view?usp=drivesdk"
"Resource Center/Directory/ACA/Anthem/Anthem Info Pack","2025 Individual Bonus A02870MUBENABS 2025 Individual Broker Bonus 9.25","1BcvqMOpJQe-ZZ-Uw01motrIrOCry66dk","application/pdf","https://drive.google.com/file/d/1BcvqMOpJQe-ZZ-Uw01motrIrOCry66dk/view?usp=drivesdk"
"Resource Center/Directory/ACA/Anthem/Anthem Info Pack","$0 Select Drugs.pdf","1lMnNTeKOVIgxaiTMThpv-iULrsA8StvJ","application/pdf","https://drive.google.com/file/d/1lMnNTeKOVIgxaiTMThpv-iULrsA8StvJ/view?usp=drivesdk"
"Resource Center/Directory/ACA/Anthem/Commission","2025 ACA Commissions - Individual and Group.pdf","1w0B47j-iK0XTG-bUe5_xEySv0eaBjg6x","application/pdf","https://drive.google.com/file/d/1w0B47j-iK0XTG-bUe5_xEySv0eaBjg6x/view?usp=drivesdk"
"Resource Center/Directory/ACA/BBSP","NV Medicaid vs Marketplace vs BBSP.pdf","1LaQxbxc-dg01rYhD3vMTO-WALUvD-uDQ","application/pdf","https://drive.google.com/file/d/1LaQxbxc-dg01rYhD3vMTO-WALUvD-uDQ/view?usp=drivesdk"
"Resource Center/Directory/ACA/Ambetter","NV_Formulary Change Document 2026.pdf","1CtWBEhG-vlivMX8yfm9ODNwk_Dt3-dmZ","application/pdf","https://drive.google.com/file/d/1CtWBEhG-vlivMX8yfm9ODNwk_Dt3-dmZ/view?usp=drivesdk"
"Resource Center/Directory/ACA/Ambetter","Ambetter _ PY26 OEP Carrier Visit - U65 ACA Market - 2025_10_16 10_26 PDT - Recording.mp4","1hMmZ1llQ6Bo-YsGR9zwPG72K6KlgwsHT","video/mp4","https://drive.google.com/file/d/1hMmZ1llQ6Bo-YsGR9zwPG72K6KlgwsHT/view?usp=drivesdk"
"Resource Center/Directory/ACA/Ambetter","2025 Provider and Formulary QuickLink.pdf","1ZzcD-fmQfki0kPoQOA98vmebaHOATxew","application/pdf","https://drive.google.com/file/d/1ZzcD-fmQfki0kPoQOA98vmebaHOATxew/view?usp=drivesdk"
"Resource Center/Directory/ACA/Ambetter","Ambetter Exchange 834 File Resend Instructional Video.mp4","1BYyYrbB0H5iw06UcY7xIsihncZuYkiHq","video/mp4","https://drive.google.com/file/d/1BYyYrbB0H5iw06UcY7xIsihncZuYkiHq/view?usp=drivesdk"
"Resource Center/Directory/ACA/Ambetter/PY2026","NV_Formulary Change Document 2026.pdf","1mKG289R3F-TD4VmeBo06_i2doC-Xh_3r","application/pdf","https://drive.google.com/file/d/1mKG289R3F-TD4VmeBo06_i2doC-Xh_3r/view?usp=drivesdk"
"Resource Center/Directory/ACA/Ambetter/Commission","2025 ACA Commissions - Individual and Group.pdf","1Ue0J-xOVQ-zqhzzNLd2Lpr9BI8YmW7vU","application/pdf","https://drive.google.com/file/d/1Ue0J-xOVQ-zqhzzNLd2Lpr9BI8YmW7vU/view?usp=drivesdk"
"Resource Center/Directory/ACA/Ambetter/PY Materials","2025 RX Network Update for TN & NV.pdf","1ZF7nJBES4GWdWal0836tkaORuBjUiDND","application/pdf","https://drive.google.com/file/d/1ZF7nJBES4GWdWal0836tkaORuBjUiDND/view?usp=drivesdk"
"Resource Center/Directory/ACA/Ambetter/PY Materials","AMBETTER-Everything for OE25 in one spot.pdf","1y8vb1Wv25VhjRTfyAUjdCDeaIrWG856A","application/pdf","https://drive.google.com/file/d/1y8vb1Wv25VhjRTfyAUjdCDeaIrWG856A/view?usp=drivesdk"
"Resource Center/Directory/ACA/Ambetter/PY Materials","Off-Exchange Producer of Record Transfer Form_4_16_24_Fillable PDF.pdf","1vmv5K90bG_tcTPdjzbpXNcofYiP93BNz","application/pdf","https://drive.google.com/file/d/1vmv5K90bG_tcTPdjzbpXNcofYiP93BNz/view?usp=drivesdk"
"Resource Center/Directory/ACA/Ambetter/PY Materials","Tutorial-Set Up Auto Pay_09.12.24.pdf","1-IZTWGGBdO8oQTnYksPqQiwJfAl70XO6","application/pdf","https://drive.google.com/file/d/1-IZTWGGBdO8oQTnYksPqQiwJfAl70XO6/view?usp=drivesdk"
"Resource Center/Directory/ACA/Ambetter/PY Materials","Tutorial-Member ID Cards.pdf","1FJSjRBGGNz4svBa_Di0Pwg7uOjwTExZt","application/pdf","https://drive.google.com/file/d/1FJSjRBGGNz4svBa_Di0Pwg7uOjwTExZt/view?usp=drivesdk"
"Resource Center/Directory/ACA/Ambetter/PY Materials","Tutorial-Broker Support Teams_05.23.pdf","11Urzg5yK1-lo5G--i8hZK4_BWNGnQD1C","application/pdf","https://drive.google.com/file/d/11Urzg5yK1-lo5G--i8hZK4_BWNGnQD1C/view?usp=drivesdk"
"Resource Center/Directory/ACA/Ambetter/PY Materials","Tutorial-Broker Portal Quick Reference Guide.pdf","1PRkxWZm_cnGavQomedpUj91AgxOvamZi","application/pdf","https://drive.google.com/file/d/1PRkxWZm_cnGavQomedpUj91AgxOvamZi/view?usp=drivesdk"
"Resource Center/Directory/ACA/Ambetter/PY Materials","Tutorial-Ambetter Guide Provider Search_2024.pdf","1kWGKvVXS61jfBKUkJzqmnhRG4z0wZWXt","application/pdf","https://drive.google.com/file/d/1kWGKvVXS61jfBKUkJzqmnhRG4z0wZWXt/view?usp=drivesdk"
"Resource Center/Directory/ACA/Ambetter/PY Materials","Ambetter Health App Highlights.pdf","1IVVwWaPjNxlK1_DUtjJIEIEOZJwJpN6e","application/pdf","https://drive.google.com/file/d/1IVVwWaPjNxlK1_DUtjJIEIEOZJwJpN6e/view?usp=drivesdk"
"Resource Center/Directory/ACA/Ambetter/PY Materials","2025 Producer Guide_10.24.pdf","1cJSX4DFrmzYtUI4cUUGl6CpHpl2b3IAc","application/pdf","https://drive.google.com/file/d/1cJSX4DFrmzYtUI4cUUGl6CpHpl2b3IAc/view?usp=drivesdk"
"Resource Center/Directory/ACA/Ambetter/PY Materials","2025 On-Ex Provider Network Options.pdf","1ZDW0s61UrL8VUPhn11pNtTiWFnGpKAcF","application/pdf","https://drive.google.com/file/d/1ZDW0s61UrL8VUPhn11pNtTiWFnGpKAcF/view?usp=drivesdk"
"Resource Center/Directory/ACA/Ambetter/PY Materials","2025 Off-Ex Provider Network Options.pdf","1xY8KIvsD49wW-mSXFv94M6vgPSz4_zrx","application/pdf","https://drive.google.com/file/d/1xY8KIvsD49wW-mSXFv94M6vgPSz4_zrx/view?usp=drivesdk"
"Resource Center/Directory/ACA/Ambetter/PY Materials","2025 MHP Broker Guide_10.24.pdf","1YPCOilyvVxqk8NXQBRxYvaIdVHqbh02S","application/pdf","https://drive.google.com/file/d/1YPCOilyvVxqk8NXQBRxYvaIdVHqbh02S/view?usp=drivesdk"
"Resource Center/Directory/ACA/Ambetter/PY Materials","VisionDentalFlyer_NV_2025.pdf","1ltnSorFbsSRhjOfutZZVaE1YyaRxa4we","application/pdf","https://drive.google.com/file/d/1ltnSorFbsSRhjOfutZZVaE1YyaRxa4we/view?usp=drivesdk"
"Resource Center/Directory/ACA/Ambetter/PY Materials","2025 On Exchange Plans_NV.pdf","1Y2rNcYV43dbRECj6HOgr4Z-J-0L4ZaXM","application/pdf","https://drive.google.com/file/d/1Y2rNcYV43dbRECj6HOgr4Z-J-0L4ZaXM/view?usp=drivesdk"
"Resource Center/Directory/ACA/Ambetter/PY Materials","2025 On-demand Product Trainings Flyer.pdf","19wA-9Vc4RXpdRUw0rc-YvkwMsD1Na8II","application/pdf","https://drive.google.com/file/d/19wA-9Vc4RXpdRUw0rc-YvkwMsD1Na8II/view?usp=drivesdk"
"Resource Center/Directory/ACA/Ambetter/PY Materials","Join Us_ Preview Ambetter_s 2025 Plans & Demos – 2024_10_10 09_15 PDT – Recording_1.mp4","17amjU0bjpTcR-oAgDkJwOD2Llq02YqoT","video/mp4","https://drive.google.com/file/d/17amjU0bjpTcR-oAgDkJwOD2Llq02YqoT/view?usp=drivesdk"
"Resource Center/Directory/ACA/Ambetter/Ambetter Info Pack","VisionDentalFlyer_NV_2025.pdf","1oTXOUPiQsNnXKWxhMrlYd_2gklxZndcG","application/pdf","https://drive.google.com/file/d/1oTXOUPiQsNnXKWxhMrlYd_2gklxZndcG/view?usp=drivesdk"
"Resource Center/Directory/ACA/Ambetter/Ambetter Info Pack","Tutorial-Set Up Auto Pay_09.12.24","1io17g4fI83G_AxJQVKcqCepWLUh3-aWy","application/pdf","https://drive.google.com/file/d/1io17g4fI83G_AxJQVKcqCepWLUh3-aWy/view?usp=drivesdk"
"Resource Center/Directory/ACA/Ambetter/Ambetter Info Pack","Tutorial-Member ID Cards.pdf","1NO5nkcA5qZcbOBCPexi2Biv5RuiFvTLT","application/pdf","https://drive.google.com/file/d/1NO5nkcA5qZcbOBCPexi2Biv5RuiFvTLT/view?usp=drivesdk"
"Resource Center/Directory/ACA/Ambetter/Ambetter Info Pack","Tutorial-Broker Support Teams_05.23","1l_vAr_G7ibhmME8EJFQ1VXFNAXzZhS2q","application/pdf","https://drive.google.com/file/d/1l_vAr_G7ibhmME8EJFQ1VXFNAXzZhS2q/view?usp=drivesdk"
"Resource Center/Directory/ACA/Ambetter/Ambetter Info Pack","Tutorial-Broker Portal Quick Reference Guide.pdf","17H5JOSJipTutreBpFOQfov_7StBJDogs","application/pdf","https://drive.google.com/file/d/17H5JOSJipTutreBpFOQfov_7StBJDogs/view?usp=drivesdk"
"Resource Center/Directory/ACA/Ambetter/Ambetter Info Pack","Tutorial-Ambetter Guide Provider Search_2024.pdf","1xoWJL3fsL4eWnA-RYXEn_f5aiyrsVfSU","application/pdf","https://drive.google.com/file/d/1xoWJL3fsL4eWnA-RYXEn_f5aiyrsVfSU/view?usp=drivesdk"
"Resource Center/Directory/ACA/Ambetter/Ambetter Info Pack","Off-Exchange Producer of Record Transfer Form_4_16_24_Fillable PDF.pdf","1Az7X1j34ojXJbO7WPse1l9Mitx7JWU8D","application/pdf","https://drive.google.com/file/d/1Az7X1j34ojXJbO7WPse1l9Mitx7JWU8D/view?usp=drivesdk"
"Resource Center/Directory/ACA/Ambetter/Ambetter Info Pack","AMBETTER-Everything for OE25 in one spot.pdf","1CR3u5FxJ5xemPnQBMlopVt4apePdVp1v","application/pdf","https://drive.google.com/file/d/1CR3u5FxJ5xemPnQBMlopVt4apePdVp1v/view?usp=drivesdk"
"Resource Center/Directory/ACA/Ambetter/Ambetter Info Pack","Ambetter Health App Highlights.pdf","1JOJ-jio2u8JbV92y8oiK2tBIAz2MHCaV","application/pdf","https://drive.google.com/file/d/1JOJ-jio2u8JbV92y8oiK2tBIAz2MHCaV/view?usp=drivesdk"
"Resource Center/Directory/ACA/Ambetter/Ambetter Info Pack","2025 RX Network Update for TN & NV.pdf","1v8G1YNYBcYgUKyMrc-zZDFjgHZCRQ4PV","application/pdf","https://drive.google.com/file/d/1v8G1YNYBcYgUKyMrc-zZDFjgHZCRQ4PV/view?usp=drivesdk"
"Resource Center/Directory/ACA/Ambetter/Ambetter Info Pack","2025 Producer Guide_10.24","1Qa7UeRTlDTWrato7JWCZ3z77FMLGZN8v","application/pdf","https://drive.google.com/file/d/1Qa7UeRTlDTWrato7JWCZ3z77FMLGZN8v/view?usp=drivesdk"
"Resource Center/Directory/ACA/Ambetter/Ambetter Info Pack","2025 On-Ex Provider Network Options.pdf","1jvAd9IOQ-bR3b5Fq6MxhuIGEdpDytJdc","application/pdf","https://drive.google.com/file/d/1jvAd9IOQ-bR3b5Fq6MxhuIGEdpDytJdc/view?usp=drivesdk"
"Resource Center/Directory/ACA/Ambetter/Ambetter Info Pack","2025 On-demand Product Trainings Flyer.pdf","1MF6aPidJ4A-0XW-PdlNwIyYnZvjJirqR","application/pdf","https://drive.google.com/file/d/1MF6aPidJ4A-0XW-PdlNwIyYnZvjJirqR/view?usp=drivesdk"
"Resource Center/Directory/ACA/Ambetter/Ambetter Info Pack","2025 On Exchange Plans_NV.pdf","1u1fOLL20d-zEWTWAeECHF9KQsAJsMhcd","application/pdf","https://drive.google.com/file/d/1u1fOLL20d-zEWTWAeECHF9KQsAJsMhcd/view?usp=drivesdk"
"Resource Center/Directory/ACA/Ambetter/Ambetter Info Pack","2025 Off-Ex Provider Network Options.pdf","1g-b6yaS6gxWyjlysca8Zib-obQtQs2gH","application/pdf","https://drive.google.com/file/d/1g-b6yaS6gxWyjlysca8Zib-obQtQs2gH/view?usp=drivesdk"
"Resource Center/Directory/ACA/Ambetter/Ambetter Info Pack","2025 MHP Broker Guide_10.24","1v4WbLweH1EwuNKVT2wcTNadjidNxL2VP","application/pdf","https://drive.google.com/file/d/1v4WbLweH1EwuNKVT2wcTNadjidNxL2VP/view?usp=drivesdk"
"Resource Center/Administrative/Commissions","Commission Dispute and Review Request Form.xlsx","1SCt7VDB7YBC-GYU0FYwFauBDKq7jSdcJ","application/vnd.openxmlformats-officedocument.spreadsheetml.sheet","https://docs.google.com/spreadsheets/d/1SCt7VDB7YBC-GYU0FYwFauBDKq7jSdcJ/edit?usp=drivesdk&ouid=101956724998028410123&rtpof=true&sd=true"
"Resource Center/Administrative/Commissions","2026 ACA Commissions - Individual and Group - FINAL.xlsx","15DNQK1XbLoJXXCEulRiHxlGlA8YQt5-1","application/vnd.openxmlformats-officedocument.spreadsheetml.sheet","https://docs.google.com/spreadsheets/d/15DNQK1XbLoJXXCEulRiHxlGlA8YQt5-1/edit?usp=drivesdk&ouid=101956724998028410123&rtpof=true&sd=true"
"Resource Center/Administrative/Commissions","2025 ACA Commissions - Individual and Group.pdf","1rf0fWoC7ZwsTWo1cTUSbF_q_iD3E61q5","application/pdf","https://drive.google.com/file/d/1rf0fWoC7ZwsTWo1cTUSbF_q_iD3E61q5/view?usp=drivesdk"
"Resource Center/Administrative/Commissions","2024 ACA Commissions - Individual and Group.pdf","154wlZJl-zQz2M5P8TkSo_oef9KnRyHLk","application/pdf","https://drive.google.com/file/d/154wlZJl-zQz2M5P8TkSo_oef9KnRyHLk/view?usp=drivesdk"
"Resource Center/Administrative/Commissions/ProtectLife","Life Commissions","1aQA9ncgsIlJKT7Z1G2nxIgdPDb7mHjQT","application/vnd.openxmlformats-officedocument.spreadsheetml.sheet","https://docs.google.com/spreadsheets/d/1aQA9ncgsIlJKT7Z1G2nxIgdPDb7mHjQT/edit?usp=drivesdk&ouid=101956724998028410123&rtpof=true&sd=true"
"Resource Center/Administrative/NVHL","2025 NVHL LOE - ENGLISH.pdf","1TIA5u8D6EWLuOAzxNRtPr_OI4hWiTsfy","application/pdf","https://drive.google.com/file/d/1TIA5u8D6EWLuOAzxNRtPr_OI4hWiTsfy/view?usp=drivesdk"
"Resource Center/Administrative/NVHL","P&L Form.zip","1rDDfGTY7GMhzhV7BhXbJPgFwCaKM2b4-","application/zip","https://drive.google.com/file/d/1rDDfGTY7GMhzhV7BhXbJPgFwCaKM2b4-/view?usp=drivesdk"
"Resource Center/Administrative/NVHL","NVHL FPL-Chart-2025.pdf","1mRddrSfxmA8SJ9EPfULfGI23sh-kd3eK","application/pdf","https://drive.google.com/file/d/1mRddrSfxmA8SJ9EPfULfGI23sh-kd3eK/view?usp=drivesdk"
"Resource Center/Administrative/NVHL","NV 2026 Marketplace Rule Court Ruling Summary.pdf","1AMiEtrot3wMRD2eZktifJ_CQe7Ze-KcD","application/pdf","https://drive.google.com/file/d/1AMiEtrot3wMRD2eZktifJ_CQe7Ze-KcD/view?usp=drivesdk"
"Resource Center/Administrative/NVHL","NVHL Policy Manual FINAL AUG 2025.pdf","1uLjzvAcuU6mj2iolk0AEYTWaSM9I-w9j","application/pdf","https://drive.google.com/file/d/1uLjzvAcuU6mj2iolk0AEYTWaSM9I-w9j/view?usp=drivesdk"
"Resource Center/Administrative/NVHL","NVHL Backdate Request Form.pdf","1oL9XVNqUDPOpz3fT-f0HcwE8EtlTA1zP","application/pdf","https://drive.google.com/file/d/1oL9XVNqUDPOpz3fT-f0HcwE8EtlTA1zP/view?usp=drivesdk"
"Resource Center/Administrative/NVHL","2025 NVHL Non-ESI.pdf","11G5XdR1wydGVbqkMFAUGkB332xbgsZKI","application/pdf","https://drive.google.com/file/d/11G5XdR1wydGVbqkMFAUGkB332xbgsZKI/view?usp=drivesdk"
"Resource Center/Administrative/NVHL","2025 Provider and Formulary QuickLink.pdf","1dN7C0vQTqEVD2lKhlIyezIwCWaayX6XN","application/pdf","https://drive.google.com/file/d/1dN7C0vQTqEVD2lKhlIyezIwCWaayX6XN/view?usp=drivesdk"
"Resource Center/Administrative/NVHL/Nevada Health Link","Income DMI Profit and Loss.mp4","1vYaaVih6krpQd0I_W3tHIRniScgech4x","video/mp4","https://drive.google.com/file/d/1vYaaVih6krpQd0I_W3tHIRniScgech4x/view?usp=drivesdk"
"Resource Center/Administrative/PH Logo","ProtectHealth - Circle Only.png","1jUI7xrr7GwHFZuei6LgHcUwXZDs8Fa3l","image/png","https://drive.google.com/file/d/1jUI7xrr7GwHFZuei6LgHcUwXZDs8Fa3l/view?usp=drivesdk"
"Resource Center/Administrative/PH Logo","ProtectHealth - Simple Company of Logo.png","1P0X4coUgkrIJolX8ISbHovBHAT34bkig","image/png","https://drive.google.com/file/d/1P0X4coUgkrIJolX8ISbHovBHAT34bkig/view?usp=drivesdk"
"Resource Center/Administrative/PH Logo","ProtectHealth - No Tagline Logo.jpg","18c5B356Jr0zYVFZhFaNoJT-Dj5NDYAry","image/jpeg","https://drive.google.com/file/d/18c5B356Jr0zYVFZhFaNoJT-Dj5NDYAry/view?usp=drivesdk"